source_file,drive_file_name,rows,bytes,local_md5,local_sha256,drive_file_id,drive_url,storage_note
combined/household_year_all_1392_1403.parquet,household_year_all_1392_1403.parquet,438577,9246385,f694c63513398509d29212ff1e727ca1,b45b9751278387c41355b149fa6ed2ac52695215e28e570281a3e890c05de5a6,1Gi1gtB8RwZg6F4xFsNSvDrWVk36_gg98,https://drive.google.com/file/d/1Gi1gtB8RwZg6F4xFsNSvDrWVk36_gg98/view?usp=drivesdk,single file
combined/household_year_panelB_1392_1403.parquet,household_year_panelB_1392_1403.parquet,139041,3285647,a076b044c3f272621e656f560e0457f3,07f19b162bb5c554c43bda5b3c182e263dec1e68403135ad2b9d3eb9f483fc93,1bfRxxGc0wBbPOtO28M3wcbZ654dGIMWY,https://drive.google.com/file/d/1bfRxxGc0wBbPOtO28M3wcbZ654dGIMWY/view?usp=drivesdk,single file
combined/food_item_long_all_1392_1403.parquet,food_item_long_all_1392_1403_part01.parquet,4500000,64070047,345d0e1b1c8f170fd3db025f221a8db3,4abeb9ac39f960899f4db615a75f302dc4d92cae258392846fa280e78da9fbff,1jAXXPfkBcxwXYe0t5qezPkXfMRki9zZQ,https://drive.google.com/file/d/1jAXXPfkBcxwXYe0t5qezPkXfMRki9zZQ/view?usp=drivesdk,part 1 of 3
combined/food_item_long_all_1392_1403.parquet,food_item_long_all_1392_1403_part02.parquet,4500000,64914467,b5c4e3f9a3e90d8a36f99b1ab10a80e7,9c2ca785b04c0658ebd47c835a1dc985a1e13d8b8147824c08e949a2e7d94677,1cJc2vPubcWuGr0XW6YvpdPAElgcJN9z-,https://drive.google.com/file/d/1cJc2vPubcWuGr0XW6YvpdPAElgcJN9z-/view?usp=drivesdk,part 2 of 3
combined/food_item_long_all_1392_1403.parquet,food_item_long_all_1392_1403_part03.parquet,4394042,70394858,b6a6fc67295dd970e1bc1f42bccd46e7,6a2af31092b6bb0494c51d2912866ae6ca3818bf657d4fb158b9b2d86b212a32,14FRditffvdn0exIZrU-_C5vUWDq1Ls5o,https://drive.google.com/file/d/14FRditffvdn0exIZrU-_C5vUWDq1Ls5o/view?usp=drivesdk,part 3 of 3
combined/itemwide_all_1392_1403.parquet,itemwide_all_1392_1403.parquet,438577,103925061,57a0f14b2afd7d9dee72154fdbdaa078,1dd295b1dc9ffa726e198f96a79d253572f6e23aac258e0b42f14cdb1911a5e5,1291G1ccqmEN-S8lW010YIeTSM8tHk-A7,https://drive.google.com/file/d/1291G1ccqmEN-S8lW010YIeTSM8tHk-A7/view?usp=drivesdk,single file
combined/itemwide_panelB_1392_1403.parquet,itemwide_panelB_1392_1403.parquet,139041,35207381,c3ac44b449bb93f6f5b5822a2bed72ec,ae134b56a7d7a3796acd3ae853f8c45412676f9e7b25f1c9475aba33aa15bdc0,15x2-lPAJeKO26zTJu2VVgtJbFC-1JKZy,https://drive.google.com/file/d/15x2-lPAJeKO26zTJu2VVgtJbFC-1JKZy/view?usp=drivesdk,single file
combined/itemwide_all_1392_1403.csv.gz,itemwide_all_1392_1403_part01.csv.gz,150000,62740847,3c1a78e1009324240083550e04d34601,b422dc12aaec381498382feb550d0395ae18fdae21f2e5a7570fe08da0ccfc5e,1cUsra5xNOwmzl-VLy2gbr22bK5gYZCa0,https://drive.google.com/file/d/1cUsra5xNOwmzl-VLy2gbr22bK5gYZCa0/view?usp=drivesdk,part 1 of 3; contains header
combined/itemwide_all_1392_1403.csv.gz,itemwide_all_1392_1403_part02.csv.gz,150000,62666215,83cd5912d1d246deb268a84e9bf995c3,c11e5cd8a9025550a76684aa08f68d80468c01f21034564a248820380b272985,14EqswIGjBqZ7oN_LIt85Ba4dLUK7Ip53,https://drive.google.com/file/d/14EqswIGjBqZ7oN_LIt85Ba4dLUK7Ip53/view?usp=drivesdk,part 2 of 3; contains header
combined/itemwide_all_1392_1403.csv.gz,itemwide_all_1392_1403_part03.csv.gz,138577,59591106,7b6b0a4a835f871808b25f0603716563,b66a2b2d923051b3f934ba3c59ef29bcf2e07c6e0c07f180c054abcd53431754,1gqYpUqkGP9xk00bKlGoOMg6a5tN2VeiN,https://drive.google.com/file/d/1gqYpUqkGP9xk00bKlGoOMg6a5tN2VeiN/view?usp=drivesdk,part 3 of 3; contains header
combined/itemwide_panelB_1392_1403.csv.gz,itemwide_panelB_1392_1403.csv.gz,139041,59014511,a10a7ac880dba6945cb8ba2026524eac,98963d8bcf30cc5890824755ac19c1eaaf67bef561e106facd0193bdb046c3ce,1R31iSowZegPNHYD7d-kf1mhlBVEqxTMA,https://drive.google.com/file/d/1R31iSowZegPNHYD7d-kf1mhlBVEqxTMA/view?usp=drivesdk,single file
