sample,year,stage,role,n_household_year,n_lost_from_previous_stage,notes,item_level_rows
All_Cross_Section,1392,raw_access_households,sequence,39864,,Direct Access household rows before completion filter.,
All_Cross_Section,1392,completed_interview,sequence,38316,1548.0,Takmil=1 or Jaygozin=1; exact affirmative codes only.,
All_Cross_Section,1392,standardized_household_table_matched,sequence,38316,0.0,Matched by exact Address string to HBSIR ID; no geographic approximation.,
All_Cross_Section,1392,head_demographics_matched,diagnostic_not_filter,38316,,Exactly one HBSIR members_properties row with Relationship=Head; missing head fields are retained.,
All_Cross_Section,1392,food_table_matched,sequence,38241,75.0,At least one HBSIR food row; valid amount is not required if expenditure/other fields are usable.,
All_Cross_Section,1392,final_household_year_all,final,38241,0.0,Completed + household table + at least one food-table row.,1189323.0
Panel_B,1392,panel_B_identified,sequence,6710,,"Audited raw Address, three-wave cohort, all Takmil=1; 1396/1397 boundary is not linked.",
Panel_B,1392,raw_access_and_status_matched,sequence,6710,0.0,Must equal identified Panel B; retained as a failure diagnostic.,
Panel_B,1392,standardized_household_table_matched,sequence,6710,0.0,Matched by exact Address string to HBSIR ID.,
Panel_B,1392,head_demographics_matched,diagnostic_not_filter,6710,,Exactly one head record; observations with missing head data remain in Panel B file.,
Panel_B,1392,food_table_matched,sequence,6699,11.0,Food-usable Panel B household-years used for item audits and future common comparison.,209039.0
Panel_B,1392,final_household_year_panelB,final,6710,0.0,All identified Panel B rows are preserved; food_matched=0 rows are not assigned zero expenditure.,
All_Cross_Section,1393,raw_access_households,sequence,39856,,Direct Access household rows before completion filter.,
All_Cross_Section,1393,completed_interview,sequence,36144,3712.0,Takmil=1 or Jaygozin=1; exact affirmative codes only.,
All_Cross_Section,1393,standardized_household_table_matched,sequence,36144,0.0,Matched by exact Address string to HBSIR ID; no geographic approximation.,
All_Cross_Section,1393,head_demographics_matched,diagnostic_not_filter,36143,,Exactly one HBSIR members_properties row with Relationship=Head; missing head fields are retained.,
All_Cross_Section,1393,food_table_matched,sequence,36064,80.0,At least one HBSIR food row; valid amount is not required if expenditure/other fields are usable.,
All_Cross_Section,1393,final_household_year_all,final,36064,0.0,Completed + household table + at least one food-table row.,1139355.0
Panel_B,1393,panel_B_identified,sequence,12877,,"Audited raw Address, three-wave cohort, all Takmil=1; 1396/1397 boundary is not linked.",
Panel_B,1393,raw_access_and_status_matched,sequence,12877,0.0,Must equal identified Panel B; retained as a failure diagnostic.,
Panel_B,1393,standardized_household_table_matched,sequence,12877,0.0,Matched by exact Address string to HBSIR ID.,
Panel_B,1393,head_demographics_matched,diagnostic_not_filter,12877,,Exactly one head record; observations with missing head data remain in Panel B file.,
Panel_B,1393,food_table_matched,sequence,12852,25.0,Food-usable Panel B household-years used for item audits and future common comparison.,404470.0
Panel_B,1393,final_household_year_panelB,final,12877,0.0,All identified Panel B rows are preserved; food_matched=0 rows are not assigned zero expenditure.,
All_Cross_Section,1394,raw_access_households,sequence,39857,,Direct Access household rows before completion filter.,
All_Cross_Section,1394,completed_interview,sequence,36145,3712.0,Takmil=1 or Jaygozin=1; exact affirmative codes only.,
All_Cross_Section,1394,standardized_household_table_matched,sequence,36145,0.0,Matched by exact Address string to HBSIR ID; no geographic approximation.,
All_Cross_Section,1394,head_demographics_matched,diagnostic_not_filter,36145,,Exactly one HBSIR members_properties row with Relationship=Head; missing head fields are retained.,
All_Cross_Section,1394,food_table_matched,sequence,36041,104.0,At least one HBSIR food row; valid amount is not required if expenditure/other fields are usable.,
All_Cross_Section,1394,final_household_year_all,final,36041,0.0,Completed + household table + at least one food-table row.,1147114.0
Panel_B,1394,panel_B_identified,sequence,18659,,"Audited raw Address, three-wave cohort, all Takmil=1; 1396/1397 boundary is not linked.",
Panel_B,1394,raw_access_and_status_matched,sequence,18659,0.0,Must equal identified Panel B; retained as a failure diagnostic.,
Panel_B,1394,standardized_household_table_matched,sequence,18659,0.0,Matched by exact Address string to HBSIR ID.,
Panel_B,1394,head_demographics_matched,diagnostic_not_filter,18659,,Exactly one head record; observations with missing head data remain in Panel B file.,
Panel_B,1394,food_table_matched,sequence,18609,50.0,Food-usable Panel B household-years used for item audits and future common comparison.,589324.0
Panel_B,1394,final_household_year_panelB,final,18659,0.0,All identified Panel B rows are preserved; food_matched=0 rows are not assigned zero expenditure.,
All_Cross_Section,1395,raw_access_households,sequence,39864,,Direct Access household rows before completion filter.,
All_Cross_Section,1395,completed_interview,sequence,35950,3914.0,Takmil=1 or Jaygozin=1; exact affirmative codes only.,
All_Cross_Section,1395,standardized_household_table_matched,sequence,35950,0.0,Matched by exact Address string to HBSIR ID; no geographic approximation.,
All_Cross_Section,1395,head_demographics_matched,diagnostic_not_filter,35950,,Exactly one HBSIR members_properties row with Relationship=Head; missing head fields are retained.,
All_Cross_Section,1395,food_table_matched,sequence,35832,118.0,At least one HBSIR food row; valid amount is not required if expenditure/other fields are usable.,
All_Cross_Section,1395,final_household_year_all,final,35832,0.0,Completed + household table + at least one food-table row.,1161754.0
Panel_B,1395,panel_B_identified,sequence,11949,,"Audited raw Address, three-wave cohort, all Takmil=1; 1396/1397 boundary is not linked.",
Panel_B,1395,raw_access_and_status_matched,sequence,11949,0.0,Must equal identified Panel B; retained as a failure diagnostic.,
Panel_B,1395,standardized_household_table_matched,sequence,11949,0.0,Matched by exact Address string to HBSIR ID.,
Panel_B,1395,head_demographics_matched,diagnostic_not_filter,11949,,Exactly one head record; observations with missing head data remain in Panel B file.,
Panel_B,1395,food_table_matched,sequence,11907,42.0,Food-usable Panel B household-years used for item audits and future common comparison.,385440.0
Panel_B,1395,final_household_year_panelB,final,11949,0.0,All identified Panel B rows are preserved; food_matched=0 rows are not assigned zero expenditure.,
All_Cross_Section,1396,raw_access_households,sequence,37962,,Direct Access household rows before completion filter.,
All_Cross_Section,1396,completed_interview,sequence,35628,2334.0,Takmil=1 or Jaygozin=1; exact affirmative codes only.,
All_Cross_Section,1396,standardized_household_table_matched,sequence,35628,0.0,Matched by exact Address string to HBSIR ID; no geographic approximation.,
All_Cross_Section,1396,head_demographics_matched,diagnostic_not_filter,35628,,Exactly one HBSIR members_properties row with Relationship=Head; missing head fields are retained.,
All_Cross_Section,1396,food_table_matched,sequence,35529,99.0,At least one HBSIR food row; valid amount is not required if expenditure/other fields are usable.,
All_Cross_Section,1396,final_household_year_all,final,35529,0.0,Completed + household table + at least one food-table row.,1180199.0
Panel_B,1396,panel_B_identified,sequence,5782,,"Audited raw Address, three-wave cohort, all Takmil=1; 1396/1397 boundary is not linked.",
Panel_B,1396,raw_access_and_status_matched,sequence,5782,0.0,Must equal identified Panel B; retained as a failure diagnostic.,
Panel_B,1396,standardized_household_table_matched,sequence,5782,0.0,Matched by exact Address string to HBSIR ID.,
Panel_B,1396,head_demographics_matched,diagnostic_not_filter,5782,,Exactly one head record; observations with missing head data remain in Panel B file.,
Panel_B,1396,food_table_matched,sequence,5761,21.0,Food-usable Panel B household-years used for item audits and future common comparison.,190242.0
Panel_B,1396,final_household_year_panelB,final,5782,0.0,All identified Panel B rows are preserved; food_matched=0 rows are not assigned zero expenditure.,
All_Cross_Section,1397,raw_access_households,sequence,38960,,Direct Access household rows before completion filter.,
All_Cross_Section,1397,completed_interview,sequence,38960,0.0,Takmil=1 or Jaygozin=1; exact affirmative codes only.,
All_Cross_Section,1397,standardized_household_table_matched,sequence,38960,0.0,Matched by exact Address string to HBSIR ID; no geographic approximation.,
All_Cross_Section,1397,head_demographics_matched,diagnostic_not_filter,38960,,Exactly one HBSIR members_properties row with Relationship=Head; missing head fields are retained.,
All_Cross_Section,1397,food_table_matched,sequence,38859,101.0,At least one HBSIR food row; valid amount is not required if expenditure/other fields are usable.,
All_Cross_Section,1397,final_household_year_all,final,38859,0.0,Completed + household table + at least one food-table row.,1220929.0
Panel_B,1397,panel_B_identified,sequence,5981,,"Audited raw Address, three-wave cohort, all Takmil=1; 1396/1397 boundary is not linked.",
Panel_B,1397,raw_access_and_status_matched,sequence,5981,0.0,Must equal identified Panel B; retained as a failure diagnostic.,
Panel_B,1397,standardized_household_table_matched,sequence,5981,0.0,Matched by exact Address string to HBSIR ID.,
Panel_B,1397,head_demographics_matched,diagnostic_not_filter,5981,,Exactly one head record; observations with missing head data remain in Panel B file.,
Panel_B,1397,food_table_matched,sequence,5968,13.0,Food-usable Panel B household-years used for item audits and future common comparison.,186070.0
Panel_B,1397,final_household_year_panelB,final,5981,0.0,All identified Panel B rows are preserved; food_matched=0 rows are not assigned zero expenditure.,
All_Cross_Section,1398,raw_access_households,sequence,38328,,Direct Access household rows before completion filter.,
All_Cross_Section,1398,completed_interview,sequence,36960,1368.0,Takmil=1 or Jaygozin=1; exact affirmative codes only.,
All_Cross_Section,1398,standardized_household_table_matched,sequence,36960,0.0,Matched by exact Address string to HBSIR ID; no geographic approximation.,
All_Cross_Section,1398,head_demographics_matched,diagnostic_not_filter,36960,,Exactly one HBSIR members_properties row with Relationship=Head; missing head fields are retained.,
All_Cross_Section,1398,food_table_matched,sequence,36829,131.0,At least one HBSIR food row; valid amount is not required if expenditure/other fields are usable.,
All_Cross_Section,1398,final_household_year_all,final,36829,0.0,Completed + household table + at least one food-table row.,1105831.0
Panel_B,1398,panel_B_identified,sequence,11754,,"Audited raw Address, three-wave cohort, all Takmil=1; 1396/1397 boundary is not linked.",
Panel_B,1398,raw_access_and_status_matched,sequence,11754,0.0,Must equal identified Panel B; retained as a failure diagnostic.,
Panel_B,1398,standardized_household_table_matched,sequence,11754,0.0,Matched by exact Address string to HBSIR ID.,
Panel_B,1398,head_demographics_matched,diagnostic_not_filter,11754,,Exactly one head record; observations with missing head data remain in Panel B file.,
Panel_B,1398,food_table_matched,sequence,11719,35.0,Food-usable Panel B household-years used for item audits and future common comparison.,350453.0
Panel_B,1398,final_household_year_panelB,final,11754,0.0,All identified Panel B rows are preserved; food_matched=0 rows are not assigned zero expenditure.,
All_Cross_Section,1399,raw_access_households,sequence,37557,,Direct Access household rows before completion filter.,
All_Cross_Section,1399,completed_interview,sequence,36583,974.0,Takmil=1 or Jaygozin=1; exact affirmative codes only.,
All_Cross_Section,1399,standardized_household_table_matched,sequence,36583,0.0,Matched by exact Address string to HBSIR ID; no geographic approximation.,
All_Cross_Section,1399,head_demographics_matched,diagnostic_not_filter,36583,,Exactly one HBSIR members_properties row with Relationship=Head; missing head fields are retained.,
All_Cross_Section,1399,food_table_matched,sequence,36416,167.0,At least one HBSIR food row; valid amount is not required if expenditure/other fields are usable.,
All_Cross_Section,1399,final_household_year_all,final,36416,0.0,Completed + household table + at least one food-table row.,1072764.0
Panel_B,1399,panel_B_identified,sequence,17037,,"Audited raw Address, three-wave cohort, all Takmil=1; 1396/1397 boundary is not linked.",
Panel_B,1399,raw_access_and_status_matched,sequence,17037,0.0,Must equal identified Panel B; retained as a failure diagnostic.,
Panel_B,1399,standardized_household_table_matched,sequence,17037,0.0,Matched by exact Address string to HBSIR ID.,
Panel_B,1399,head_demographics_matched,diagnostic_not_filter,17037,,Exactly one head record; observations with missing head data remain in Panel B file.,
Panel_B,1399,food_table_matched,sequence,16973,64.0,Food-usable Panel B household-years used for item audits and future common comparison.,495223.0
Panel_B,1399,final_household_year_panelB,final,17037,0.0,All identified Panel B rows are preserved; food_matched=0 rows are not assigned zero expenditure.,
All_Cross_Section,1400,raw_access_households,sequence,37988,,Direct Access household rows before completion filter.,
All_Cross_Section,1400,completed_interview,sequence,36804,1184.0,Takmil=1 or Jaygozin=1; exact affirmative codes only.,
All_Cross_Section,1400,standardized_household_table_matched,sequence,36804,0.0,Matched by exact Address string to HBSIR ID; no geographic approximation.,
All_Cross_Section,1400,head_demographics_matched,diagnostic_not_filter,36804,,Exactly one HBSIR members_properties row with Relationship=Head; missing head fields are retained.,
All_Cross_Section,1400,food_table_matched,sequence,36646,158.0,At least one HBSIR food row; valid amount is not required if expenditure/other fields are usable.,
All_Cross_Section,1400,final_household_year_all,final,36646,0.0,Completed + household table + at least one food-table row.,1091741.0
Panel_B,1400,panel_B_identified,sequence,16322,,"Audited raw Address, three-wave cohort, all Takmil=1; 1396/1397 boundary is not linked.",
Panel_B,1400,raw_access_and_status_matched,sequence,16322,0.0,Must equal identified Panel B; retained as a failure diagnostic.,
Panel_B,1400,standardized_household_table_matched,sequence,16322,0.0,Matched by exact Address string to HBSIR ID.,
Panel_B,1400,head_demographics_matched,diagnostic_not_filter,16322,,Exactly one head record; observations with missing head data remain in Panel B file.,
Panel_B,1400,food_table_matched,sequence,16261,61.0,Food-usable Panel B household-years used for item audits and future common comparison.,482011.0
Panel_B,1400,final_household_year_panelB,final,16322,0.0,All identified Panel B rows are preserved; food_matched=0 rows are not assigned zero expenditure.,
All_Cross_Section,1401,raw_access_households,sequence,37951,,Direct Access household rows before completion filter.,
All_Cross_Section,1401,completed_interview,sequence,36476,1475.0,Takmil=1 or Jaygozin=1; exact affirmative codes only.,
All_Cross_Section,1401,standardized_household_table_matched,sequence,36476,0.0,Matched by exact Address string to HBSIR ID; no geographic approximation.,
All_Cross_Section,1401,head_demographics_matched,diagnostic_not_filter,36476,,Exactly one HBSIR members_properties row with Relationship=Head; missing head fields are retained.,
All_Cross_Section,1401,food_table_matched,sequence,36364,112.0,At least one HBSIR food row; valid amount is not required if expenditure/other fields are usable.,
All_Cross_Section,1401,final_household_year_all,final,36364,0.0,Completed + household table + at least one food-table row.,1036183.0
Panel_B,1401,panel_B_identified,sequence,15934,,"Audited raw Address, three-wave cohort, all Takmil=1; 1396/1397 boundary is not linked.",
Panel_B,1401,raw_access_and_status_matched,sequence,15934,0.0,Must equal identified Panel B; retained as a failure diagnostic.,
Panel_B,1401,standardized_household_table_matched,sequence,15934,0.0,Matched by exact Address string to HBSIR ID.,
Panel_B,1401,head_demographics_matched,diagnostic_not_filter,15934,,Exactly one head record; observations with missing head data remain in Panel B file.,
Panel_B,1401,food_table_matched,sequence,15891,43.0,Food-usable Panel B household-years used for item audits and future common comparison.,452623.0
Panel_B,1401,final_household_year_panelB,final,15934,0.0,All identified Panel B rows are preserved; food_matched=0 rows are not assigned zero expenditure.,
All_Cross_Section,1402,raw_access_households,sequence,37883,,Direct Access household rows before completion filter.,
All_Cross_Section,1402,completed_interview,sequence,36186,1697.0,Takmil=1 or Jaygozin=1; exact affirmative codes only.,
All_Cross_Section,1402,standardized_household_table_matched,sequence,36186,0.0,Matched by exact Address string to HBSIR ID; no geographic approximation.,
All_Cross_Section,1402,head_demographics_matched,diagnostic_not_filter,36186,,Exactly one HBSIR members_properties row with Relationship=Head; missing head fields are retained.,
All_Cross_Section,1402,food_table_matched,sequence,36023,163.0,At least one HBSIR food row; valid amount is not required if expenditure/other fields are usable.,
All_Cross_Section,1402,final_household_year_all,final,36023,0.0,Completed + household table + at least one food-table row.,1036830.0
Panel_B,1402,panel_B_identified,sequence,10651,,"Audited raw Address, three-wave cohort, all Takmil=1; 1396/1397 boundary is not linked.",
Panel_B,1402,raw_access_and_status_matched,sequence,10651,0.0,Must equal identified Panel B; retained as a failure diagnostic.,
Panel_B,1402,standardized_household_table_matched,sequence,10651,0.0,Matched by exact Address string to HBSIR ID.,
Panel_B,1402,head_demographics_matched,diagnostic_not_filter,10651,,Exactly one head record; observations with missing head data remain in Panel B file.,
Panel_B,1402,food_table_matched,sequence,10614,37.0,Food-usable Panel B household-years used for item audits and future common comparison.,306282.0
Panel_B,1402,final_household_year_panelB,final,10651,0.0,All identified Panel B rows are preserved; food_matched=0 rows are not assigned zero expenditure.,
All_Cross_Section,1403,raw_access_households,sequence,37505,,Direct Access household rows before completion filter.,
All_Cross_Section,1403,completed_interview,sequence,35888,1617.0,Takmil=1 or Jaygozin=1; exact affirmative codes only.,
All_Cross_Section,1403,standardized_household_table_matched,sequence,35888,0.0,Matched by exact Address string to HBSIR ID; no geographic approximation.,
All_Cross_Section,1403,head_demographics_matched,diagnostic_not_filter,35888,,Exactly one HBSIR members_properties row with Relationship=Head; missing head fields are retained.,
All_Cross_Section,1403,food_table_matched,sequence,35733,155.0,At least one HBSIR food row; valid amount is not required if expenditure/other fields are usable.,
All_Cross_Section,1403,final_household_year_all,final,35733,0.0,Completed + household table + at least one food-table row.,1012019.0
Panel_B,1403,panel_B_identified,sequence,5385,,"Audited raw Address, three-wave cohort, all Takmil=1; 1396/1397 boundary is not linked.",
Panel_B,1403,raw_access_and_status_matched,sequence,5385,0.0,Must equal identified Panel B; retained as a failure diagnostic.,
Panel_B,1403,standardized_household_table_matched,sequence,5385,0.0,Matched by exact Address string to HBSIR ID.,
Panel_B,1403,head_demographics_matched,diagnostic_not_filter,5385,,Exactly one head record; observations with missing head data remain in Panel B file.,
Panel_B,1403,food_table_matched,sequence,5367,18.0,Food-usable Panel B household-years used for item audits and future common comparison.,153828.0
Panel_B,1403,final_household_year_panelB,final,5385,0.0,All identified Panel B rows are preserved; food_matched=0 rows are not assigned zero expenditure.,
