Year_t,Year_t1,Control,Simulation_Runs,N_Median,Head_Path_Mean,Roster_Continuity_Mean,Roster_GE50_Mean,Roster_GE75_Mean,Roster_LT25_Mean,Hard_Fallback_Median,Actual_Roster_Mean,Actual_Head_Path_Pct,Empirical_P_Roster_GE_Actual,Empirical_P_Head_GE_Actual
1392,1393,Actual_Address_Same,200,100.0,59.8,0.5766520332018565,59.13,45.185,26.51,0.0,,,,
1392,1393,Province_Urban_Rural_Shuffle,200,100.0,3.720757575757576,0.0371286754824334,0.9001515151515151,0.07005050505050506,84.92777777777778,0.0,0.5766520332018565,59.8,0.004975124378109453,0.004975124378109453
1392,1393,Same_Cluster_Different_Address,200,100.0,4.175,0.04052562396700941,1.245,0.165,84.675,0.0,0.5766520332018565,59.8,0.004975124378109453,0.004975124378109453
1393,1394,Actual_Address_Same,200,100.0,61.97,0.6173137284156269,62.31,49.55,23.735,0.0,,,,
1393,1394,Province_Urban_Rural_Shuffle,200,100.0,3.781313131313132,0.036474508178451624,0.9451515151515152,0.09005050505050505,84.41010101010103,0.0,0.6173137284156269,61.97,0.004975124378109453,0.004975124378109453
1393,1394,Same_Cluster_Different_Address,200,100.0,3.81,0.03817305807034937,1.115,0.135,84.78,0.0,0.6173137284156269,61.97,0.004975124378109453,0.004975124378109453
1394,1395,Actual_Address_Same,200,100.0,63.84,0.6308318883458139,63.82,50.9,22.775,0.0,,,,
1394,1395,Province_Urban_Rural_Shuffle,200,100.0,3.320909090909091,0.03384639883571558,0.9703030303030303,0.075,85.22227272727272,0.0,0.6308318883458139,63.84,0.004975124378109453,0.004975124378109453
1394,1395,Same_Cluster_Different_Address,200,100.0,3.945,0.03794616304330842,1.0,0.105,84.915,0.0,0.6308318883458139,63.84,0.004975124378109453,0.004975124378109453
1395,1396,Actual_Address_Same,200,100.0,63.485,0.600622846400978,63.35,49.97,26.59,0.0,,,,
1395,1396,Province_Urban_Rural_Shuffle,200,100.0,3.7714646464646466,0.03398111157282204,1.0253030303030304,0.09505050505050505,90.02070707070706,0.0,0.600622846400978,63.485,0.004975124378109453,0.004975124378109453
1395,1396,Same_Cluster_Different_Address,200,100.0,4.25,0.03883804550507548,1.425,0.195,89.405,0.0,0.600622846400978,63.485,0.004975124378109453,0.004975124378109453
1397,1398,Actual_Address_Same,200,100.0,65.95,0.6167248628005981,66.87,53.81,26.455,0.0,,,,
1397,1398,Province_Urban_Rural_Shuffle,200,100.0,3.850656565656566,0.03268415966159839,0.9752020202020202,0.08005050505050505,93.37383838383839,0.0,0.6167248628005981,65.95,0.004975124378109453,0.004975124378109453
1397,1398,Same_Cluster_Different_Address,200,100.0,4.235,0.0373239875810464,1.32,0.15,92.215,0.0,0.6167248628005981,65.95,0.004975124378109453,0.004975124378109453
1398,1399,Actual_Address_Same,200,100.0,71.745,0.6783736002886003,73.225,61.065,21.795,0.0,,,,
1398,1399,Province_Urban_Rural_Shuffle,200,100.0,3.790757575757576,0.03337552008177008,1.1251515151515152,0.065,92.94823232323233,0.0,0.6783736002886003,71.745,0.004975124378109453,0.004975124378109453
1398,1399,Same_Cluster_Different_Address,200,100.0,4.015,0.03500732614607615,1.11,0.1,92.75,0.0,0.6783736002886003,71.745,0.004975124378109453,0.004975124378109453
1399,1400,Actual_Address_Same,200,100.0,73.075,0.69197715007215,73.865,62.5,20.765,0.0,,,,
1399,1400,Province_Urban_Rural_Shuffle,200,100.0,3.771111111111111,0.0330000094273011,1.1101515151515151,0.035,93.01353535353536,0.0,0.69197715007215,73.075,0.004975124378109453,0.004975124378109453
1399,1400,Same_Cluster_Different_Address,200,100.0,4.065,0.03666108460983461,1.435,0.155,92.52,0.0,0.69197715007215,73.075,0.004975124378109453,0.004975124378109453
1400,1401,Actual_Address_Same,200,100.0,70.625,0.662250122030747,71.045,59.115,23.05,0.0,,,,
1400,1401,Province_Urban_Rural_Shuffle,200,100.0,4.126313131313132,0.03425929754658921,1.2204545454545455,0.07505050505050505,92.92737373737373,0.0,0.662250122030747,70.625,0.004975124378109453,0.004975124378109453
1400,1401,Same_Cluster_Different_Address,200,100.0,4.105,0.03694640415140415,1.33,0.225,92.28,0.0,0.662250122030747,70.625,0.004975124378109453,0.004975124378109453
1401,1402,Actual_Address_Same,200,100.0,68.37,0.6459203285603285,69.425,57.04,24.3,0.0,,,,
1401,1402,Province_Urban_Rural_Shuffle,200,100.0,3.7769696969696973,0.0322413599286516,1.0907070707070707,0.13505050505050506,93.1609595959596,0.0,0.6459203285603285,68.37,0.004975124378109453,0.004975124378109453
1401,1402,Same_Cluster_Different_Address,200,100.0,4.355,0.03699273809523809,1.52,0.305,92.37,0.0,0.6459203285603285,68.37,0.004975124378109453,0.004975124378109453
1402,1403,Actual_Address_Same,200,100.0,71.325,0.6816368795093796,73.365,61.25,21.58,0.0,,,,
1402,1403,Province_Urban_Rural_Shuffle,200,100.0,3.7721737786023497,0.03122748949242997,1.2054040404040405,0.11505050505050506,93.43554937126366,0.0,0.6816368795093796,71.325,0.004975124378109453,0.004975124378109453
1402,1403,Same_Cluster_Different_Address,200,100.0,4.405,0.036763564213564214,1.65,0.245,92.385,0.0,0.6816368795093796,71.325,0.004975124378109453,0.004975124378109453
