Cohort,Year_t,Year_t1,N,Median_Without_Number,Median_With_Number,Pct_Households_Losing_Matches,Mean_Members_Lost_When_Number_Required
1392_1394,1392,1393,6710,0.8,0.75,13.949329359165425,0.24873323397913563
1392_1394,1393,1394,6710,1.0,0.8571428571428571,12.637853949329358,0.22459016393442624
1393_1395,1393,1394,6167,1.0,0.8333333333333334,12.664180314577592,0.22523106859088698
1393_1395,1394,1395,6167,1.0,1.0,12.45338089832982,0.23333873844657047
1394_1396,1394,1395,5782,1.0,1.0,12.729159460394326,0.22224143894846074
1394_1396,1395,1396,5782,1.0,1.0,12.244897959183673,0.20927014873746108
1397_1399,1397,1398,5981,1.0,1.0,10.048486875104498,0.17455275037619128
1397_1399,1398,1399,5981,1.0,1.0,8.0086941982946,0.1379367998662431
1398_1400,1398,1399,5773,1.0,1.0,8.106703620301403,0.14117443270396673
1398_1400,1399,1400,5773,1.0,1.0,7.6736532132340205,0.1318205439113113
1399_1401,1399,1400,5283,1.0,1.0,7.401097861063789,0.12511830399394283
1399_1401,1400,1401,5283,1.0,1.0,7.230740109786106,0.11678970282036721
1400_1402,1400,1401,5266,1.0,1.0,7.6908469426509685,0.12666160273452337
1400_1402,1401,1402,5266,1.0,1.0,7.747816179263197,0.12875047474363843
1401_1403,1401,1402,5385,1.0,1.0,7.428040854224697,0.12070566388115135
1401_1403,1402,1403,5385,1.0,1.0,6.128133704735376,0.09693593314763231
