Cohort,Respondent_Kind_1,Respondent_Kind_3,N,Median_Roster_Continuity,Head_Sex_Consistent_Pct,Head_Age_Consistent_Pct
1392_1394,Substitute,Ambiguous,13,0.0,46.15384615384615,0.0
1392_1394,Substitute,No_Completed_Interview,4,,0.0,0.0
1392_1394,Substitute,Original,129,0.0,79.06976744186046,8.527131782945736
1392_1394,Substitute,Substitute,49,0.0,85.71428571428571,16.3265306122449
1393_1395,Substitute,Ambiguous,11,0.0,81.81818181818183,0.0
1393_1395,Substitute,No_Completed_Interview,5,,0.0,0.0
1393_1395,Substitute,Original,149,0.0,77.18120805369128,10.738255033557047
1393_1395,Substitute,Substitute,51,0.0,84.31372549019608,19.607843137254903
1394_1396,Substitute,Ambiguous,54,0.0,90.74074074074075,5.555555555555555
1394_1396,Substitute,Original,500,0.0,84.0,27.800000000000004
1394_1396,Substitute,Substitute,376,0.0,82.97872340425532,29.78723404255319
1397_1399,Original,Ambiguous,7,0.0,57.14285714285714,0.0
1397_1399,Original,Original,140,0.3333333333333333,91.42857142857143,45.714285714285715
1397_1399,Original,Substitute,101,0.0,69.3069306930693,6.9306930693069315
1397_1399,Substitute,Ambiguous,7,0.0,85.71428571428571,28.57142857142857
1397_1399,Substitute,Original,115,0.0,75.65217391304347,2.608695652173913
1397_1399,Substitute,Substitute,94,0.0,74.46808510638297,14.893617021276595
1398_1400,Ambiguous,Ambiguous,1,0.0,100.0,0.0
1398_1400,Ambiguous,Original,4,0.08333333333333333,75.0,25.0
1398_1400,Ambiguous,Substitute,8,0.0,62.5,0.0
1398_1400,Original,Ambiguous,12,0.0,91.66666666666666,16.666666666666664
1398_1400,Original,Original,144,0.3333333333333333,92.36111111111111,53.47222222222222
1398_1400,Original,Substitute,121,0.0,78.51239669421489,8.264462809917356
1398_1400,Substitute,Ambiguous,6,0.0,100.0,0.0
1398_1400,Substitute,Original,123,0.0,75.60975609756098,8.94308943089431
1398_1400,Substitute,Substitute,66,0.0,77.27272727272727,21.21212121212121
1399_1401,Ambiguous,Ambiguous,3,0.25,100.0,0.0
1399_1401,Ambiguous,Original,1,0.0,100.0,0.0
1399_1401,Ambiguous,Substitute,7,0.0,57.14285714285714,0.0
1399_1401,Original,Ambiguous,13,0.0,84.61538461538461,0.0
1399_1401,Original,Original,87,0.5,93.10344827586206,50.57471264367817
1399_1401,Original,Substitute,70,0.0,85.71428571428571,2.857142857142857
1399_1401,Substitute,Ambiguous,9,0.0,66.66666666666666,0.0
1399_1401,Substitute,Original,165,0.0,78.18181818181819,4.848484848484849
1399_1401,Substitute,Substitute,96,0.0,82.29166666666666,16.666666666666664
1400_1402,Ambiguous,Original,4,0.5,100.0,50.0
1400_1402,Ambiguous,Substitute,2,0.0,100.0,0.0
1400_1402,Original,Ambiguous,15,0.0,73.33333333333333,0.0
1400_1402,Original,Original,115,0.5,96.52173913043478,47.82608695652174
1400_1402,Original,Substitute,65,0.0,78.46153846153847,4.615384615384616
1400_1402,Substitute,Ambiguous,14,0.0,78.57142857142857,7.142857142857142
1400_1402,Substitute,Original,229,0.0,70.3056768558952,7.423580786026202
1400_1402,Substitute,Substitute,116,0.0,79.3103448275862,18.96551724137931
1401_1403,Ambiguous,Ambiguous,6,0.0,100.0,16.666666666666664
1401_1403,Ambiguous,Original,2,0.125,100.0,0.0
1401_1403,Ambiguous,Substitute,6,0.0,100.0,0.0
1401_1403,Original,Ambiguous,14,0.0,92.85714285714286,14.285714285714285
1401_1403,Original,Original,67,0.5,92.53731343283582,49.25373134328358
1401_1403,Original,Substitute,56,0.0,73.21428571428571,5.357142857142857
1401_1403,Substitute,Ambiguous,17,0.0,82.35294117647058,11.76470588235294
1401_1403,Substitute,Original,226,0.0,67.69911504424779,7.52212389380531
1401_1403,Substitute,Substitute,113,0.0,77.87610619469027,12.389380530973451
