Cohort,Year_t,Year_t1,Respondent_t,Respondent_t1,N,Head_Sex_Consistent_Pct,Head_Age_Consistent_Pct,Plausible_Head_Transition_N,Median_Roster_Continuity,Roster_GE50_Pct,Roster_GE75_Pct
1392_1394,1392,1393,Ambiguous,Ambiguous,89,0.0,0.0,0,,0.0,0.0
1392_1394,1392,1393,Ambiguous,No_Completed_Interview,11,0.0,0.0,0,,0.0,0.0
1392_1394,1392,1393,Ambiguous,Original,113,0.0,0.0,0,,0.0,0.0
1392_1394,1392,1393,No_Completed_Interview,Ambiguous,21,0.0,0.0,0,,0.0,0.0
1392_1394,1392,1393,No_Completed_Interview,No_Completed_Interview,93,0.0,0.0,0,,0.0,0.0
1392_1394,1392,1393,No_Completed_Interview,Original,75,0.0,0.0,0,,0.0,0.0
1392_1394,1392,1393,Original,Ambiguous,772,67.2279792746114,7.512953367875648,13,0.0,7.642487046632124,4.015544041450777
1392_1394,1392,1393,Original,No_Completed_Interview,93,0.0,0.0,0,,0.0,0.0
1392_1394,1392,1393,Original,Original,8068,96.44273673772929,78.45810609816559,82,0.8,79.18939018344075,59.82895389191869
1392_1394,1392,1393,Substitute,Original,9,44.44444444444444,22.22222222222222,0,0.0,22.22222222222222,11.11111111111111
1392_1394,1393,1394,Ambiguous,Ambiguous,266,48.87218045112782,13.909774436090224,1,0.0,14.285714285714285,9.022556390977442
1392_1394,1393,1394,Ambiguous,No_Completed_Interview,17,0.0,0.0,0,,0.0,0.0
1392_1394,1393,1394,Ambiguous,Original,418,76.07655502392345,56.698564593301434,2,0.8333333333333334,56.9377990430622,49.282296650717704
1392_1394,1393,1394,Ambiguous,Substitute,181,61.32596685082873,7.18232044198895,0,0.0,3.867403314917127,1.6574585635359116
1392_1394,1393,1394,No_Completed_Interview,Ambiguous,28,0.0,0.0,0,,0.0,0.0
1392_1394,1393,1394,No_Completed_Interview,No_Completed_Interview,82,0.0,0.0,0,,0.0,0.0
1392_1394,1393,1394,No_Completed_Interview,Original,42,0.0,0.0,0,,0.0,0.0
1392_1394,1393,1394,No_Completed_Interview,Substitute,45,0.0,0.0,0,,0.0,0.0
1392_1394,1393,1394,Original,Ambiguous,449,63.02895322939867,9.131403118040089,9,0.0,8.68596881959911,5.3452115812917596
1392_1394,1393,1394,Original,No_Completed_Interview,58,0.0,0.0,0,,0.0,0.0
1392_1394,1393,1394,Original,Original,6836,97.29373902867174,81.18782913984786,43,1.0,82.3581041544763,65.08191925102399
1392_1394,1393,1394,Original,Substitute,922,77.22342733188721,6.182212581344902,8,0.0,2.386117136659436,1.3015184381778742
1393_1395,1393,1394,Ambiguous,Ambiguous,224,49.55357142857143,12.5,3,0.0,10.267857142857142,5.357142857142857
1393_1395,1393,1394,Ambiguous,No_Completed_Interview,22,0.0,0.0,0,,0.0,0.0
1393_1395,1393,1394,Ambiguous,Original,416,70.67307692307693,51.20192307692307,0,0.875,52.644230769230774,44.47115384615385
1393_1395,1393,1394,No_Completed_Interview,Ambiguous,52,0.0,0.0,0,,0.0,0.0
1393_1395,1393,1394,No_Completed_Interview,No_Completed_Interview,105,0.0,0.0,0,,0.0,0.0
1393_1395,1393,1394,No_Completed_Interview,Original,89,0.0,0.0,0,,0.0,0.0
1393_1395,1393,1394,Original,Ambiguous,565,65.48672566371681,9.20353982300885,5,0.0,8.141592920353983,4.424778761061947
1393_1395,1393,1394,Original,No_Completed_Interview,64,0.0,0.0,0,,0.0,0.0
1393_1395,1393,1394,Original,Original,7334,96.40032724297791,79.22007090264522,83,0.8571428571428571,80.4335969457322,63.307881101718024
1393_1395,1394,1395,Ambiguous,Ambiguous,290,54.137931034482754,14.13793103448276,1,0.0,13.10344827586207,7.931034482758621
1393_1395,1394,1395,Ambiguous,No_Completed_Interview,24,0.0,0.0,0,,0.0,0.0
1393_1395,1394,1395,Ambiguous,Original,390,77.17948717948718,51.7948717948718,2,0.75,53.07692307692308,41.53846153846154
1393_1395,1394,1395,Ambiguous,Substitute,137,54.01459854014598,3.64963503649635,0,0.0,2.18978102189781,0.7299270072992701
1393_1395,1394,1395,No_Completed_Interview,Ambiguous,26,0.0,0.0,0,,0.0,0.0
1393_1395,1394,1395,No_Completed_Interview,No_Completed_Interview,94,0.0,0.0,0,,0.0,0.0
1393_1395,1394,1395,No_Completed_Interview,Original,42,0.0,0.0,0,,0.0,0.0
1393_1395,1394,1395,No_Completed_Interview,Substitute,29,0.0,0.0,0,,0.0,0.0
1393_1395,1394,1395,Original,Ambiguous,411,63.990267639902676,11.678832116788321,3,0.0,10.218978102189782,6.81265206812652
1393_1395,1394,1395,Original,No_Completed_Interview,78,0.0,0.0,0,,0.0,0.0
1393_1395,1394,1395,Original,Original,6537,97.01698026617714,83.4480648615573,57,1.0,83.9528835857427,67.81398194890622
1393_1395,1394,1395,Original,Substitute,813,78.47478474784748,6.150061500615006,9,0.0,2.706027060270603,1.107011070110701
1394_1396,1394,1395,Ambiguous,Ambiguous,206,66.99029126213593,15.53398058252427,1,0.0,15.048543689320388,9.223300970873787
1394_1396,1394,1395,Ambiguous,No_Completed_Interview,19,0.0,0.0,0,,0.0,0.0
1394_1396,1394,1395,Ambiguous,Original,408,70.83333333333334,52.94117647058824,2,1.0,53.431372549019606,46.568627450980394
1394_1396,1394,1395,Ambiguous,Substitute,32,40.625,9.375,0,0.0,6.25,3.125
1394_1396,1394,1395,No_Completed_Interview,Ambiguous,25,0.0,0.0,0,,0.0,0.0
1394_1396,1394,1395,No_Completed_Interview,No_Completed_Interview,26,0.0,0.0,0,,0.0,0.0
1394_1396,1394,1395,No_Completed_Interview,Original,84,0.0,0.0,0,,0.0,0.0
1394_1396,1394,1395,No_Completed_Interview,Substitute,20,0.0,0.0,0,,0.0,0.0
1394_1396,1394,1395,Original,Ambiguous,485,66.59793814432989,8.041237113402062,9,0.0,8.041237113402062,4.329896907216495
1394_1396,1394,1395,Original,No_Completed_Interview,53,0.0,0.0,0,,0.0,0.0
1394_1396,1394,1395,Original,Original,6881,96.96265077750327,82.2409533498038,64,1.0,83.09838686237465,66.29850312454585
1394_1396,1394,1395,Original,Substitute,291,77.66323024054984,7.560137457044673,1,0.0,3.0927835051546393,1.3745704467353952
1394_1396,1395,1396,Ambiguous,Ambiguous,165,71.51515151515152,14.545454545454545,4,0.0,16.363636363636363,9.090909090909092
1394_1396,1395,1396,Ambiguous,Original,379,78.3641160949868,54.88126649076517,3,0.8,55.93667546174142,45.91029023746702
1394_1396,1395,1396,Ambiguous,Substitute,172,57.55813953488372,4.069767441860465,1,0.0,2.9069767441860463,1.744186046511628
1394_1396,1395,1396,No_Completed_Interview,Ambiguous,17,0.0,0.0,0,,0.0,0.0
1394_1396,1395,1396,No_Completed_Interview,Original,57,0.0,0.0,0,,0.0,0.0
1394_1396,1395,1396,No_Completed_Interview,Substitute,24,0.0,0.0,0,,0.0,0.0
1394_1396,1395,1396,Original,Ambiguous,328,75.60975609756098,11.28048780487805,8,0.0,9.75609756097561,4.573170731707317
1394_1396,1395,1396,Original,Original,6130,97.32463295269169,82.93637846655791,69,1.0,83.98042414355628,66.394779771615
1394_1396,1395,1396,Original,Substitute,915,78.36065573770492,4.808743169398907,8,0.0,2.185792349726776,0.546448087431694
1394_1396,1395,1396,Substitute,Ambiguous,53,75.47169811320755,9.433962264150944,0,0.0,7.547169811320755,5.660377358490567
1394_1396,1395,1396,Substitute,Original,150,87.33333333333333,46.0,1,0.2,40.666666666666664,34.66666666666667
1394_1396,1395,1396,Substitute,Substitute,140,82.14285714285714,30.0,1,0.0,30.714285714285715,23.57142857142857
1397_1399,1397,1398,Original,Ambiguous,332,83.13253012048193,10.542168674698797,7,0.0,10.542168674698797,7.228915662650602
1397_1399,1397,1398,Original,Original,6878,96.51061355045071,80.66298342541437,79,1.0,83.16371038092468,66.9380633905205
1397_1399,1397,1398,Original,Substitute,87,73.5632183908046,6.896551724137931,2,0.0,0.0,0.0
1397_1399,1398,1399,Ambiguous,Ambiguous,69,89.85507246376811,27.536231884057973,0,0.0,28.985507246376812,17.391304347826086
1397_1399,1398,1399,Ambiguous,Original,186,97.31182795698925,80.64516129032258,2,1.0,80.10752688172043,67.74193548387096
1397_1399,1398,1399,Ambiguous,Substitute,77,75.32467532467533,12.987012987012985,0,0.0,12.987012987012985,7.792207792207792
1397_1399,1398,1399,Original,Ambiguous,119,80.67226890756302,11.76470588235294,3,0.0,12.605042016806722,6.722689075630252
1397_1399,1398,1399,Original,Original,5981,97.29142283899014,86.2230396254807,47,1.0,88.0621969570306,74.1013208493563
1397_1399,1398,1399,Original,Substitute,778,74.55012853470437,6.683804627249357,7,0.0,2.827763496143959,1.2853470437017995
1397_1399,1398,1399,Substitute,Ambiguous,1,100.0,0.0,0,0.0,0.0,0.0
1397_1399,1398,1399,Substitute,Original,44,86.36363636363636,36.36363636363637,0,0.0,31.818181818181817,27.27272727272727
1397_1399,1398,1399,Substitute,Substitute,42,76.19047619047619,40.476190476190474,0,0.15476190476190477,40.476190476190474,30.952380952380953
1398_1400,1398,1399,Ambiguous,Ambiguous,70,92.85714285714286,40.0,1,0.2,41.42857142857143,21.428571428571427
1398_1400,1398,1399,Ambiguous,Original,156,93.58974358974359,72.43589743589743,2,1.0,73.07692307692307,62.82051282051282
1398_1400,1398,1399,Original,Ambiguous,181,80.11049723756905,14.3646408839779,4,0.0,13.259668508287293,8.83977900552486
1398_1400,1398,1399,Original,Original,6594,96.95177434030937,84.0461025174401,61,1.0,86.2299059751289,72.62663026994237
1398_1400,1398,1399,Original,Substitute,67,76.11940298507463,5.970149253731343,0,0.0,2.9850746268656714,1.4925373134328357
1398_1400,1399,1400,Ambiguous,Ambiguous,70,90.0,30.0,0,0.0,34.285714285714285,27.142857142857142
1398_1400,1399,1400,Ambiguous,Original,125,91.2,72.8,3,0.8,71.2,59.199999999999996
1398_1400,1399,1400,Ambiguous,Substitute,56,80.35714285714286,8.928571428571429,0,0.0,5.357142857142857,0.0
1398_1400,1399,1400,Original,Ambiguous,183,80.32786885245902,13.661202185792352,6,0.0,15.846994535519126,9.836065573770492
1398_1400,1399,1400,Original,Original,5884,97.50169952413324,86.65873555404487,53,1.0,88.05234534330387,74.77906186267845
1398_1400,1399,1400,Original,Substitute,683,76.86676427525623,6.295754026354319,4,0.0,3.513909224011713,1.7569546120058566
1398_1400,1399,1400,Substitute,Ambiguous,5,80.0,40.0,0,0.14285714285714285,20.0,20.0
1398_1400,1399,1400,Substitute,Original,26,76.92307692307693,19.230769230769234,0,0.0,15.384615384615385,15.384615384615385
1398_1400,1399,1400,Substitute,Substitute,36,88.88888888888889,50.0,1,0.5,50.0,41.66666666666667
1399_1401,1399,1400,Ambiguous,Ambiguous,66,83.33333333333334,25.757575757575758,0,0.08333333333333333,28.78787878787879,21.21212121212121
1399_1401,1399,1400,Ambiguous,Original,125,96.8,79.2,0,1.0,75.2,65.60000000000001
1399_1401,1399,1400,Original,Ambiguous,197,78.1725888324873,12.690355329949238,7,0.0,14.720812182741117,9.137055837563452
1399_1401,1399,1400,Original,Original,6116,97.4329627207325,85.6278613472858,47,1.0,86.39633747547416,72.51471550032701
1399_1401,1400,1401,Ambiguous,Ambiguous,76,85.52631578947368,38.15789473684211,0,0.225,40.78947368421053,35.526315789473685
1399_1401,1400,1401,Ambiguous,Original,132,90.15151515151516,65.9090909090909,2,1.0,68.18181818181817,59.84848484848485
1399_1401,1400,1401,Ambiguous,Substitute,55,80.0,9.090909090909092,1,0.0,5.454545454545454,3.6363636363636362
1399_1401,1400,1401,Original,Ambiguous,178,82.02247191011236,20.224719101123593,3,0.0,16.853932584269664,12.921348314606742
1399_1401,1400,1401,Original,Original,5371,97.37479054179855,84.99348352262149,40,1.0,86.37125302550736,73.00316514615528
1399_1401,1400,1401,Original,Substitute,692,80.92485549132948,6.069364161849711,6,0.0,3.0346820809248554,1.300578034682081
1400_1402,1400,1401,Ambiguous,Ambiguous,91,89.01098901098901,43.956043956043956,0,0.25,46.15384615384615,37.362637362637365
1400_1402,1400,1401,Ambiguous,Original,134,92.53731343283582,70.8955223880597,3,1.0,74.6268656716418,62.68656716417911
1400_1402,1400,1401,Original,Ambiguous,232,83.62068965517241,18.53448275862069,1,0.0,14.224137931034484,8.189655172413794
1400_1402,1400,1401,Original,Original,6028,97.09688122096881,82.91307232913073,49,1.0,84.20703384207033,70.02322495023225
1400_1402,1401,1402,Ambiguous,Ambiguous,120,86.66666666666667,47.5,2,0.375,50.0,41.66666666666667
1400_1402,1401,1402,Ambiguous,Original,150,89.33333333333333,60.0,3,0.7083333333333333,62.0,50.0
1400_1402,1401,1402,Ambiguous,Substitute,53,75.47169811320755,5.660377358490567,0,0.0,3.7735849056603774,1.8867924528301887
1400_1402,1401,1402,Original,Ambiguous,173,82.65895953757226,21.965317919075144,3,0.0,19.653179190751445,16.184971098265898
1400_1402,1401,1402,Original,Original,5363,97.25899683013239,82.82677605817639,49,1.0,84.3744173037479,70.3524146932687
1400_1402,1401,1402,Original,Substitute,626,74.12140575079871,5.9105431309904155,4,0.0,3.6741214057507987,2.2364217252396164
1401_1403,1401,1402,Ambiguous,Ambiguous,155,88.38709677419355,49.67741935483871,1,0.5,51.61290322580645,44.516129032258064
1401_1403,1401,1402,Ambiguous,Original,187,94.11764705882352,61.49732620320856,2,0.8,62.03208556149733,54.01069518716578
1401_1403,1401,1402,Original,Ambiguous,203,75.36945812807882,23.15270935960591,3,0.0,20.19704433497537,15.270935960591133
1401_1403,1401,1402,Original,Original,6072,96.83794466403161,80.40184453227931,46,1.0,82.18050065876153,67.70421607378128
1401_1403,1402,1403,Ambiguous,Ambiguous,162,87.03703703703704,51.85185185185185,0,0.5,50.617283950617285,45.06172839506173
1401_1403,1402,1403,Ambiguous,Original,139,87.76978417266187,59.71223021582733,0,0.75,58.992805755395686,51.798561151079134
1401_1403,1402,1403,Ambiguous,Substitute,57,63.1578947368421,7.017543859649122,0,0.0,5.263157894736842,3.508771929824561
1401_1403,1402,1403,Original,Ambiguous,150,72.0,20.666666666666668,3,0.0,21.333333333333336,17.333333333333336
1401_1403,1402,1403,Original,Original,5529,97.61258817145958,85.0244167118828,34,1.0,86.95966720926026,74.17254476397179
1401_1403,1402,1403,Original,Substitute,580,78.62068965517241,4.310344827586207,5,0.0,3.620689655172414,0.6896551724137931
