Year,Frame,Variable,Raw_Code,Count,Urban_Count,Rural_Count,Missing,Questionnaire_Item,Questionnaire_Text,Document,Meaning
1392,Frame_1392_1396,Takmil,1,31182,14877,16305,False,Q19,آیا این پرسشنامه برای خانوار اصلی تکمیل شده است؟,doc_1392_Questionnaire92.txt,1 = بله؛ 2 = خیر (طبق پرسشنامه همان سال)
1392,Frame_1392_1396,Takmil,2,8682,4887,3795,False,Q19,آیا این پرسشنامه برای خانوار اصلی تکمیل شده است؟,doc_1392_Questionnaire92.txt,1 = بله؛ 2 = خیر (طبق پرسشنامه همان سال)
1392,Frame_1392_1396,Jaygozin,,32033,15510,16523,True,Q20,آیا این پرسشنامه برای خانوار جایگزین تکمیل شده است؟,doc_1392_Questionnaire92.txt,کد خالی/ناشناخته؛ معنایی به آن نسبت داده نشده
1392,Frame_1392_1396,Jaygozin,1,7134,4003,3131,False,Q20,آیا این پرسشنامه برای خانوار جایگزین تکمیل شده است؟,doc_1392_Questionnaire92.txt,1 = بله؛ 2 = خیر (طبق پرسشنامه همان سال)
1392,Frame_1392_1396,Jaygozin,2,697,251,446,False,Q20,آیا این پرسشنامه برای خانوار جایگزین تکمیل شده است؟,doc_1392_Questionnaire92.txt,1 = بله؛ 2 = خیر (طبق پرسشنامه همان سال)
1393,Frame_1392_1396,Takmil,1,29232,13603,15629,False,Q19,آیا این پرسشنامه برای خانوار اصلی تکمیل شده است؟,doc_1393_Questionnaire93.txt,1 = بله؛ 2 = خیر (طبق پرسشنامه همان سال)
1393,Frame_1392_1396,Takmil,2,10607,6151,4456,False,Q19,آیا این پرسشنامه برای خانوار اصلی تکمیل شده است؟,doc_1393_Questionnaire93.txt,1 = بله؛ 2 = خیر (طبق پرسشنامه همان سال)
1393,Frame_1392_1396,Takmil,,17,2,15,True,Q19,آیا این پرسشنامه برای خانوار اصلی تکمیل شده است؟,doc_1393_Questionnaire93.txt,کد خالی/ناشناخته؛ معنایی به آن نسبت داده نشده
1393,Frame_1392_1396,Jaygozin,,32141,15527,16614,True,Q20,آیا این پرسشنامه برای خانوار جایگزین تکمیل شده است؟,doc_1393_Questionnaire93.txt,کد خالی/ناشناخته؛ معنایی به آن نسبت داده نشده
1393,Frame_1392_1396,Jaygozin,1,6912,3896,3016,False,Q20,آیا این پرسشنامه برای خانوار جایگزین تکمیل شده است؟,doc_1393_Questionnaire93.txt,1 = بله؛ 2 = خیر (طبق پرسشنامه همان سال)
1393,Frame_1392_1396,Jaygozin,2,803,333,470,False,Q20,آیا این پرسشنامه برای خانوار جایگزین تکمیل شده است؟,doc_1393_Questionnaire93.txt,1 = بله؛ 2 = خیر (طبق پرسشنامه همان سال)
1394,Frame_1392_1396,Takmil,1,29100,13635,15465,False,Q19,آیا این پرسشنامه برای خانوار اصلی تکمیل شده است؟,doc_1394_Questionnaire94.txt,1 = بله؛ 2 = خیر (طبق پرسشنامه همان سال)
1394,Frame_1392_1396,Takmil,2,10757,6123,4634,False,Q19,آیا این پرسشنامه برای خانوار اصلی تکمیل شده است؟,doc_1394_Questionnaire94.txt,1 = بله؛ 2 = خیر (طبق پرسشنامه همان سال)
1394,Frame_1392_1396,Jaygozin,,32024,15402,16622,True,Q20,آیا این پرسشنامه برای خانوار جایگزین تکمیل شده است؟,doc_1394_Questionnaire94.txt,کد خالی/ناشناخته؛ معنایی به آن نسبت داده نشده
1394,Frame_1392_1396,Jaygozin,1,7045,4028,3017,False,Q20,آیا این پرسشنامه برای خانوار جایگزین تکمیل شده است؟,doc_1394_Questionnaire94.txt,1 = بله؛ 2 = خیر (طبق پرسشنامه همان سال)
1394,Frame_1392_1396,Jaygozin,2,788,328,460,False,Q20,آیا این پرسشنامه برای خانوار جایگزین تکمیل شده است؟,doc_1394_Questionnaire94.txt,1 = بله؛ 2 = خیر (طبق پرسشنامه همان سال)
1395,Frame_1392_1396,Takmil,1,29060,13683,15377,False,Q19,آیا این پرسشنامه برای خانوار اصلی تکمیل شده است؟,doc_1395_Questionnaire95.txt,1 = بله؛ 2 = خیر (طبق پرسشنامه همان سال)
1395,Frame_1392_1396,Takmil,2,10804,6081,4723,False,Q19,آیا این پرسشنامه برای خانوار اصلی تکمیل شده است؟,doc_1395_Questionnaire95.txt,1 = بله؛ 2 = خیر (طبق پرسشنامه همان سال)
1395,Frame_1392_1396,Jaygozin,,32138,15534,16604,True,Q20,آیا این پرسشنامه برای خانوار جایگزین تکمیل شده است؟,doc_1395_Questionnaire95.txt,کد خالی/ناشناخته؛ معنایی به آن نسبت داده نشده
1395,Frame_1392_1396,Jaygozin,1,6890,3886,3004,False,Q20,آیا این پرسشنامه برای خانوار جایگزین تکمیل شده است؟,doc_1395_Questionnaire95.txt,1 = بله؛ 2 = خیر (طبق پرسشنامه همان سال)
1395,Frame_1392_1396,Jaygozin,2,836,344,492,False,Q20,آیا این پرسشنامه برای خانوار جایگزین تکمیل شده است؟,doc_1395_Questionnaire95.txt,1 = بله؛ 2 = خیر (طبق پرسشنامه همان سال)
1396,Frame_1392_1396,Takmil,1,27607,12920,14687,False,Q19,آیا این پرسشنامه برای خانوار اصلی تکمیل شده است؟,doc_1396_Questionnaire 96.txt,1 = بله؛ 2 = خیر (طبق پرسشنامه همان سال)
1396,Frame_1392_1396,Takmil,2,10355,5781,4574,False,Q19,آیا این پرسشنامه برای خانوار اصلی تکمیل شده است؟,doc_1396_Questionnaire 96.txt,1 = بله؛ 2 = خیر (طبق پرسشنامه همان سال)
1396,Frame_1392_1396,Jaygozin,,29941,14265,15676,True,Q20,آیا این پرسشنامه برای خانوار جایگزین تکمیل شده است؟,doc_1396_Questionnaire 96.txt,کد خالی/ناشناخته؛ معنایی به آن نسبت داده نشده
1396,Frame_1392_1396,Jaygozin,1,8021,4436,3585,False,Q20,آیا این پرسشنامه برای خانوار جایگزین تکمیل شده است؟,doc_1396_Questionnaire 96.txt,1 = بله؛ 2 = خیر (طبق پرسشنامه همان سال)
1397,Frame_1397_1403,Takmil,1,28378,14391,13987,False,Q18,آیا این پرسشنامه برای خانوار اصلی تکمیل شده است؟,doc_1397_پرسشنامه هزينه درامد 97.02.08.txt,1 = بله؛ 2 = خیر (طبق پرسشنامه همان سال)
1397,Frame_1397_1403,Takmil,2,10582,5959,4623,False,Q18,آیا این پرسشنامه برای خانوار اصلی تکمیل شده است؟,doc_1397_پرسشنامه هزينه درامد 97.02.08.txt,1 = بله؛ 2 = خیر (طبق پرسشنامه همان سال)
1397,Frame_1397_1403,Jaygozin,,28378,14391,13987,True,Q19,آیا این پرسشنامه برای خانوار جایگزین تکمیل شده است؟,doc_1397_پرسشنامه هزينه درامد 97.02.08.txt,کد خالی/ناشناخته؛ معنایی به آن نسبت داده نشده
1397,Frame_1397_1403,Jaygozin,1,10582,5959,4623,False,Q19,آیا این پرسشنامه برای خانوار جایگزین تکمیل شده است؟,doc_1397_پرسشنامه هزينه درامد 97.02.08.txt,1 = بله؛ 2 = خیر (طبق پرسشنامه همان سال)
1398,Frame_1397_1403,Takmil,1,28756,14239,14517,False,Q18,آیا این پرسشنامه برای خانوار اصلی تکمیل شده است؟,doc_1398_پرسشنامه طرح هزينه و درامد خانوارسال 98.txt,1 = بله؛ 2 = خیر (طبق پرسشنامه همان سال)
1398,Frame_1397_1403,Takmil,2,9572,5659,3913,False,Q18,آیا این پرسشنامه برای خانوار اصلی تکمیل شده است؟,doc_1398_پرسشنامه طرح هزينه و درامد خانوارسال 98.txt,1 = بله؛ 2 = خیر (طبق پرسشنامه همان سال)
1398,Frame_1397_1403,Jaygozin,,30124,15174,14950,True,Q19,آیا این پرسشنامه برای خانوار جایگزین تکمیل شده است؟,doc_1398_پرسشنامه طرح هزينه و درامد خانوارسال 98.txt,کد خالی/ناشناخته؛ معنایی به آن نسبت داده نشده
1398,Frame_1397_1403,Jaygozin,1,8204,4724,3480,False,Q19,آیا این پرسشنامه برای خانوار جایگزین تکمیل شده است؟,doc_1398_پرسشنامه طرح هزينه و درامد خانوارسال 98.txt,1 = بله؛ 2 = خیر (طبق پرسشنامه همان سال)
1399,Frame_1397_1403,Takmil,1,28211,13989,14222,False,Q18,آیا این پرسشنامه برای خانوار اصلی تکمیل شده است؟,doc_1399_پرسشنامه هزینه درامدسال 99.txt,1 = بله؛ 2 = خیر (طبق پرسشنامه همان سال)
1399,Frame_1397_1403,Takmil,2,9346,5317,4029,False,Q18,آیا این پرسشنامه برای خانوار اصلی تکمیل شده است؟,doc_1399_پرسشنامه هزینه درامدسال 99.txt,1 = بله؛ 2 = خیر (طبق پرسشنامه همان سال)
1399,Frame_1397_1403,Jaygozin,,29185,14624,14561,True,Q19,آیا این پرسشنامه برای خانوار جایگزین تکمیل شده است؟,doc_1399_پرسشنامه هزینه درامدسال 99.txt,کد خالی/ناشناخته؛ معنایی به آن نسبت داده نشده
1399,Frame_1397_1403,Jaygozin,1,8372,4682,3690,False,Q19,آیا این پرسشنامه برای خانوار جایگزین تکمیل شده است؟,doc_1399_پرسشنامه هزینه درامدسال 99.txt,1 = بله؛ 2 = خیر (طبق پرسشنامه همان سال)
1400,Frame_1397_1403,Takmil,1,28398,14212,14186,False,Q18,آیا این پرسشنامه برای خانوار اصلی تکمیل شده است؟,doc_1400_پرسشنامه هزینه ودرامد خانوار-1400.txt,1 = بله؛ 2 = خیر (طبق پرسشنامه همان سال)
1400,Frame_1397_1403,Takmil,2,9590,5406,4184,False,Q18,آیا این پرسشنامه برای خانوار اصلی تکمیل شده است؟,doc_1400_پرسشنامه هزینه ودرامد خانوار-1400.txt,1 = بله؛ 2 = خیر (طبق پرسشنامه همان سال)
1400,Frame_1397_1403,Jaygozin,,29582,14941,14641,True,Q19,آیا این پرسشنامه برای خانوار جایگزین تکمیل شده است؟,doc_1400_پرسشنامه هزینه ودرامد خانوار-1400.txt,کد خالی/ناشناخته؛ معنایی به آن نسبت داده نشده
1400,Frame_1397_1403,Jaygozin,1,8406,4677,3729,False,Q19,آیا این پرسشنامه برای خانوار جایگزین تکمیل شده است؟,doc_1400_پرسشنامه هزینه ودرامد خانوار-1400.txt,1 = بله؛ 2 = خیر (طبق پرسشنامه همان سال)
1401,Frame_1397_1403,Takmil,1,27785,13815,13970,False,Q18,آیا این پرسشنامه برای خانوار اصلی تکمیل شده است؟,doc_1401_پرسشنامه کلی.txt,1 = بله؛ 2 = خیر (طبق پرسشنامه همان سال)
1401,Frame_1397_1403,Takmil,2,10166,5752,4414,False,Q18,آیا این پرسشنامه برای خانوار اصلی تکمیل شده است؟,doc_1401_پرسشنامه کلی.txt,1 = بله؛ 2 = خیر (طبق پرسشنامه همان سال)
1401,Frame_1397_1403,Jaygozin,,29260,14723,14537,True,Q19,آیا این پرسشنامه برای خانوار جایگزین تکمیل شده است؟,doc_1401_پرسشنامه کلی.txt,کد خالی/ناشناخته؛ معنایی به آن نسبت داده نشده
1401,Frame_1397_1403,Jaygozin,1,8691,4844,3847,False,Q19,آیا این پرسشنامه برای خانوار جایگزین تکمیل شده است؟,doc_1401_پرسشنامه کلی.txt,1 = بله؛ 2 = خیر (طبق پرسشنامه همان سال)
1402,Frame_1397_1403,Takmil,1,27941,14027,13914,False,Q18,آیا این پرسشنامه برای خانوار اصلی تکمیل شده است؟,doc_1402_1402-پرسشنامه هزينه و درامد.txt,1 = بله؛ 2 = خیر (طبق پرسشنامه همان سال)
1402,Frame_1397_1403,Takmil,2,9942,5613,4329,False,Q18,آیا این پرسشنامه برای خانوار اصلی تکمیل شده است؟,doc_1402_1402-پرسشنامه هزينه و درامد.txt,1 = بله؛ 2 = خیر (طبق پرسشنامه همان سال)
1402,Frame_1397_1403,Jaygozin,,29638,15072,14566,True,Q19,آیا این پرسشنامه برای خانوار جایگزین تکمیل شده است؟,doc_1402_1402-پرسشنامه هزينه و درامد.txt,کد خالی/ناشناخته؛ معنایی به آن نسبت داده نشده
1402,Frame_1397_1403,Jaygozin,1,8245,4568,3677,False,Q19,آیا این پرسشنامه برای خانوار جایگزین تکمیل شده است؟,doc_1402_1402-پرسشنامه هزينه و درامد.txt,1 = بله؛ 2 = خیر (طبق پرسشنامه همان سال)
1403,Frame_1397_1403,Takmil,1,27824,13931,13893,False,Q18,آیا این پرسشنامه برای خانوار اصلی تکمیل شده است؟,doc_1403_پرسشنامه ی هزینه و درآمد .txt,1 = بله؛ 2 = خیر (طبق پرسشنامه همان سال)
1403,Frame_1397_1403,Takmil,2,9681,5416,4265,False,Q18,آیا این پرسشنامه برای خانوار اصلی تکمیل شده است؟,doc_1403_پرسشنامه ی هزینه و درآمد .txt,1 = بله؛ 2 = خیر (طبق پرسشنامه همان سال)
1403,Frame_1397_1403,Jaygozin,,29441,14910,14531,True,Q19,آیا این پرسشنامه برای خانوار جایگزین تکمیل شده است؟,doc_1403_پرسشنامه ی هزینه و درآمد .txt,کد خالی/ناشناخته؛ معنایی به آن نسبت داده نشده
1403,Frame_1397_1403,Jaygozin,1,8064,4437,3627,False,Q19,آیا این پرسشنامه برای خانوار جایگزین تکمیل شده است؟,doc_1403_پرسشنامه ی هزینه و درآمد .txt,1 = بله؛ 2 = خیر (طبق پرسشنامه همان سال)
