Year,Households_t,Common_t_tplus1,Share_of_HH_in_t_also_in_tplus1,Share_of_HH_in_tplus1_also_in_t,Jaccard_t_tplus1,Common_t_tplus2,Share_of_HH_in_t_also_in_tplus2,Share_of_HH_in_tplus2_also_in_t,Jaccard_t_tplus2
1390,40010,27794,0.6946763309172707,0.6947284225260579,0.5322176052697087,0,0.0,0.0,0.0
1391,40007,0,0.0,0.0,0.0,0,0.0,0.0,0.0
1392,39864,21851,0.5481386714830423,0.5482486953030912,0.3775942214311635,9539,0.23928858117599838,0.23933060691973806,0.1359180416631045
1393,39856,21673,0.5437826174227218,0.5437689740823444,0.3734148862853205,9087,0.22799578482537133,0.227950030102348,0.1286509138787819
1394,39857,21287,0.5340843515568157,0.5339905679309653,0.3642913372351713,9460,0.23734852096244072,0.24919656498603868,0.1383870448660747
1395,39864,20796,0.5216736905478627,0.5478109688636005,0.36465018411362443,0,0.0,0.0,0.0
1396,37962,0,0.0,0.0,0.0,0,0.0,0.0,0.0
1397,38960,18114,0.4649383983572895,0.4726048841577959,0.30611417176462635,7761,0.19920431211498973,0.2066458982346833,0.11287742160684158
1398,38328,18647,0.486511166771029,0.49649865537716004,0.3257800761731717,7553,0.19706219995825505,0.1988259450352743,0.10984104823815133
1399,37557,18024,0.47991053598530237,0.4744656207223334,0.3133464299994784,6955,0.18518518518518517,0.1832626281257411,0.10145434918967806
1400,37988,18019,0.4743340002105928,0.4747964480514347,0.3111015193370166,7045,0.18545330104243446,0.18596732043396774,0.10235957341702263
1401,37951,18035,0.4752180443203078,0.47607106089802814,0.31202961988961747,7124,0.18771573871571237,0.189948006932409,0.10425569279400573
1402,37883,18214,0.48079613546973576,0.4856419144114118,0.31857137859866375,,,,
1403,37505,,,,,,,,
