Method,Observed_Years_Bin,Key_Count,Scope
HBSIR_ID,1,119116,pilot_noncontiguous_years
HBSIR_ID,2,97608,pilot_noncontiguous_years
HBSIR_ID,3,141,pilot_noncontiguous_years
HBSIR_ID,4,24,pilot_noncontiguous_years
HBSIR_ID,5+,0,pilot_noncontiguous_years
Raw_Address,1,119116,pilot_noncontiguous_years
Raw_Address,2,97608,pilot_noncontiguous_years
Raw_Address,3,141,pilot_noncontiguous_years
Raw_Address,4,24,pilot_noncontiguous_years
Raw_Address,5+,0,pilot_noncontiguous_years
Frame_Address,1,119567,pilot_noncontiguous_years
Frame_Address,2,97642,pilot_noncontiguous_years
Frame_Address,3,0,pilot_noncontiguous_years
Frame_Address,4,0,pilot_noncontiguous_years
Frame_Address,5+,0,pilot_noncontiguous_years
Original_Only,1,91496,pilot_noncontiguous_years
Original_Only,2,70924,pilot_noncontiguous_years
Original_Only,3,0,pilot_noncontiguous_years
Original_Only,4,0,pilot_noncontiguous_years
Original_Only,5+,0,pilot_noncontiguous_years
Respondent_Location,1,147570,pilot_noncontiguous_years
Respondent_Location,2,71165,pilot_noncontiguous_years
Respondent_Location,3,0,pilot_noncontiguous_years
Respondent_Location,4,0,pilot_noncontiguous_years
Respondent_Location,5+,0,pilot_noncontiguous_years
