Cohort,Case_Set,N,Median_Linkage_Score,Median_Roster_Continuity,Plausible_Head_Transition_Pct,Head_Age_Outside_Rule_Pct,Head_Sex_Mismatch_Without_Transition_Pct,Member_Number_Affects_Matches_Pct,Roster_Continuity_LT25_Pct,Roster_Not_Measurable_Pct,Possible_Substitute_or_Ambiguous_Status_Pct,No_Flag_From_Audited_Indicators_Pct
1392_1394,Best,100,1.0,1.0,0.0,0.0,0.0,3.0,0.0,0.0,0.0,97.0
1392_1394,Worst,100,0.0,0.0,3.0,100.0,100.0,18.0,99.0,0.0,0.0,0.0
1393_1395,Best,100,1.0,1.0,0.0,0.0,0.0,0.0,0.0,0.0,0.0,100.0
1393_1395,Worst,100,0.025793650793650792,0.0,6.0,100.0,100.0,24.0,99.0,0.0,0.0,0.0
1394_1396,Best,100,1.0,1.0,0.0,0.0,0.0,6.0,0.0,0.0,0.0,94.0
1394_1396,Worst,100,0.09623015873015872,0.0,3.0,100.0,100.0,31.0,86.0,0.0,0.0,0.0
1397_1399,Best,100,1.0,1.0,0.0,0.0,0.0,1.0,0.0,0.0,0.0,99.0
1397_1399,Worst,100,0.05555555555555555,0.0,5.0,100.0,100.0,23.0,93.0,0.0,0.0,0.0
1398_1400,Best,100,1.0,1.0,0.0,0.0,0.0,0.0,0.0,0.0,0.0,100.0
1398_1400,Worst,100,0.08333333333333333,0.0,4.0,100.0,100.0,13.0,89.0,0.0,0.0,0.0
1399_1401,Best,100,1.0,1.0,0.0,0.0,0.0,0.0,0.0,0.0,0.0,100.0
1399_1401,Worst,100,0.08333333333333333,0.0,3.0,100.0,100.0,21.0,90.0,0.0,0.0,0.0
1400_1402,Best,100,1.0,1.0,0.0,0.0,0.0,1.0,0.0,0.0,0.0,99.0
1400_1402,Worst,100,0.1111111111111111,0.0,4.0,100.0,100.0,20.0,92.0,0.0,0.0,0.0
1401_1403,Best,100,1.0,1.0,0.0,0.0,0.0,0.0,0.0,0.0,0.0,100.0
1401_1403,Worst,100,0.08333333333333333,0.0,3.0,100.0,100.0,15.0,89.0,0.0,0.0,0.0
