Method,Year,All_HH,Eligible_HH,Missing_Key,Duplicate_Key_Rows
HBSIR_ID,1390,40010,40010,0,0
HBSIR_ID,1391,40007,40007,0,0
HBSIR_ID,1392,39864,39864,0,0
HBSIR_ID,1393,39856,39856,0,0
HBSIR_ID,1395,39864,39864,0,0
HBSIR_ID,1396,37962,37962,0,0
HBSIR_ID,1397,38960,38960,0,0
HBSIR_ID,1398,38328,38328,0,0
Raw_Address,1390,40010,40010,0,0
Raw_Address,1391,40007,40007,0,0
Raw_Address,1392,39864,39864,0,0
Raw_Address,1393,39856,39856,0,0
Raw_Address,1395,39864,39864,0,0
Raw_Address,1396,37962,37962,0,0
Raw_Address,1397,38960,38960,0,0
Raw_Address,1398,38328,38328,0,0
Frame_Address,1390,40010,40010,0,0
Frame_Address,1391,40007,40007,0,0
Frame_Address,1392,39864,39864,0,0
Frame_Address,1393,39856,39856,0,0
Frame_Address,1395,39864,39864,0,0
Frame_Address,1396,37962,37962,0,0
Frame_Address,1397,38960,38960,0,0
Frame_Address,1398,38328,38328,0,0
Original_Only,1390,40010,29368,10642,0
Original_Only,1391,40007,29761,10246,0
Original_Only,1392,39864,31182,8682,0
Original_Only,1393,39856,29232,10624,0
Original_Only,1395,39864,29060,10804,0
Original_Only,1396,37962,27607,10355,0
Original_Only,1397,38960,28378,10582,0
Original_Only,1398,38328,28756,9572,0
Respondent_Location,1390,40010,34094,5916,0
Respondent_Location,1391,40007,33848,6159,0
Respondent_Location,1392,39864,38316,1548,0
Respondent_Location,1393,39856,36144,3712,0
Respondent_Location,1395,39864,35950,3914,0
Respondent_Location,1396,37962,35628,2334,0
Respondent_Location,1397,38960,38960,0,0
Respondent_Location,1398,38328,36960,1368,0
