Drive_Path,Drive_File_ID,Size_Bytes,SHA256
"intermediate/panel_forensic/1390/90/90/Questionnaire90.pdf",12pHcdJjZ9qiKz2PO_CF-jATcC42uilJL,654181,4e566e2df4e49b6dc5460a4ab24b9c04d41f18dc3e9f9fc94ea9026cf8ea9f19
"intermediate/panel_forensic/1390/90/90/Guide Metadata83-90.pdf",1ysX15XDGdUrO2ZW4yWWCsCofCZxS4FOH,76393,9e4925d35e6d8f5cd204db7f00369054d302dba1c559ab761c77a4e8df39e49f
"intermediate/panel_forensic/raw_household_1390.parquet",1k1BL544nfmAuYSzry4iw3ZC3PWKpvPB6,933490,0e868e1f0cc18f6485600745f007a7339525fa84d0bb3070859d2d7847ca9076
"intermediate/panel_forensic/1391/91/Questionnaire91.pdf",1CkQNd9Uc-5tZhxs60Mt2EIC6TMVZMqkF,558581,9681fcc350498cf0ac5995aad837b99d69c6af00ea0e761f6cfe5f9b24d60a1d
"intermediate/panel_forensic/raw_members_1390.parquet",1QHo5eQlDkxuLM16JXTNrYw1bDxDamIWV,1041261,0ae05cb637d953e86b3669daa80ba8a19acdbf6f04eab04ddee95e2bd6068095
"intermediate/panel_forensic/1391/91/Guide Metdadat91.pdf",1ZAfzjPDtf9FMWwvwJViVbwffPIszCVcV,75698,8bde58c13139c1991235f2d91b332510c6e62d8bbfee5ce6929e73fa9e9f4f83
"intermediate/panel_forensic/raw_household_1391.parquet",1_tOF7FiR_obcTqSZnkkXkwixbwjGzbs5,924207,c581f4bdde7b203dcc104a18446598e570803d91a34aaf423aa61276449951a8
"intermediate/panel_forensic/raw_members_1391.parquet",1EunRdq3tdyXlbcJn0uCtfiHJeuz4-5bM,1010520,111ba44f86bd80f692a7779ecc9d26784d9547b121d29689344153afe3851ffc
"intermediate/panel_forensic/1392/92/Questionnaire92.pdf",1uLPUB-6s5yY-LvmvCXXcM2fOcM2C9FsS,564857,8e72b99235707e27bbb763d26c685a5cc51fd8ddd707d9730cf8bebd8236cefd
"intermediate/panel_forensic/1392/92/Guide Metadata92.pdf",1Ge8ZKGlJbCPj5e3uTTvdJmXk6CZgMo6v,201760,3ae060c95ad37ba8a54de2b5e76b7b1d1ebcef832e03426bf2ed5ff10872cae8
"intermediate/panel_forensic/raw_household_1392.parquet",1En-uID8Fmddmp7KKiiH_TdP-Cc4leA4O,953652,c9cb5629ac92db63ca5d1cd245bc31309a0ac89f414c7687da980e1fa109e8fc
"intermediate/panel_forensic/raw_members_1393.parquet",1XId5ZD7oWmD3dBUE7AY4dALazmsNO9Dh,903109,5577d1aa0680c9207e21e8c987244bc3d3d843a63c3e08460fe3507b9ba37d6c
"intermediate/panel_forensic/raw_members_1392.parquet",105NFxCrkzL5tP-n62KHuhU3LfHQShFZm,952724,3076ff8b44527a97879ef9a68f1fd417bcdd1eba4c5fd8caefb4897fe454a15f
"intermediate/panel_forensic/1393/93/Questionnaire93.pdf",1XZYoisR7DMkDcrVQojTljA54bpDOIlZq,1118118,68288e66bd0ef780be109f79e82fa7fe0d2115d250ee345b14ec3743fb9915ad
"intermediate/panel_forensic/1395/95/Questionnaire95.pdf",1oeGAdc5emM3V6TOG4XFJ6c1p7k-Boot3,3294735,8c65cd4e3b04e62a1154c7988fe71180f527a40805c5604948e05fa564160594
"intermediate/panel_forensic/1393/93/Guide Metadata93.pdf",1PQMsjQn7BUHLOX8nNt0ZJeoFsNO0yy8n,113670,8ac2e72b6b586d4dcaad2e0e495965546b4c1e085ac7d62c53601e0063d652a7
"intermediate/panel_forensic/1395/95/Guide Metadata 95.pdf",1lvRz-cVpbZCtJRVKA7CQhDAeEc2BJoPU,113943,cef0cc0b738ab0716fd5c81631f6200a0e908b91958c850cd89e8da141828f9a
"intermediate/panel_forensic/1396/96/Guide Metadata 96.pdf",1r1W2sCfwbTaVk2qIVfrhleYCTVvk5aZk,417789,200113fec356c98e65586d58936468d373f5d01f3eab0cb391ee9216b3a51ef9
"intermediate/panel_forensic/raw_household_1393.parquet",1CmO9WpADydTzIWhdbcSNz4-BBvZ_Xvu0,916782,3022725dba61edfdee87812cfcb3be6d0b2d10846f1029cca0ba0a50ea7c5f84
"intermediate/panel_forensic/raw_household_1395.parquet",1qeYL8BKJeANRkneSrjtJ_NndhzYBgP7z,913300,355b1bd33c8a00e4c83ad785021f6fe03d552b49d631904056498f83e33eae9b
"intermediate/panel_forensic/1396/96/Questionnaire 96.pdf",1iXFJJeXfjvw_6uyeUip_PykLF-9wO1gX,1735293,ea6dd9ada7e02f0b38f674bded205d2ed4cf0dbbf61e0b056592b9bb6b3b1531
"intermediate/panel_forensic/raw_members_1395.parquet",1OFZDU3SE-Euwqmq6wCxMD7P5aP0wMehq,910188,90d9999d106f249745ad0fb071016f8fb364bb59cca5711b1f79fe65ab7508d3
"intermediate/panel_forensic/raw_household_1396.parquet",1bXVi7ByfDBMCsf2q6lcYKz1eHUOlilRQ,618788,2b46d703f98aae276ae707f4affffe6138b490810d70bed46011dcf6ca4864c0
"intermediate/panel_forensic/raw_members_1396.parquet",1aYtNgWqNplCOot8ZJEiIlpPfni-yAJxa,894386,e72466f0b5698a4c19a6ebe1a589ca6627e36cb1f82745e358345b3b6407c628
"intermediate/panel_forensic/1397/97/پرسشنامه هزينه درامد 97.02.08.pdf",1MrdEXVqz7_AX62B1elQxkJQ5WLxxq15i,566191,b3ef3e008caec1fd81cf4e7fe9589f1021856aa51efc65cd42f38dfb045c2c64
"intermediate/panel_forensic/raw_household_1397.parquet",139K1sDXdB46WYkglKk8gm1MtQdNWByP5,564188,d44ddc3d8ec3e92ae9144d1f4d6ef6c6bd7883267d1770549eb6e53d8bed564f
"intermediate/panel_forensic/raw_members_1397.parquet",1SyV-BdNXlFp4lu9ZUTBDZsf8_qyGkq0_,912697,0edf1bff84037dad97c5b1d7b951eaaa67c22fc69106e65d843e7129a566dc9c
"intermediate/panel_forensic/1398/Data kham/98_extracted/98/پرسشنامه طرح هزينه و درامد خانوارسال 98.pdf",1rO2L4Qt8qEoGAxPs1ik0g1ue19MMNZZ3,636310,9153343c54d19665cfb3ce4e1ab8f5b5940a10da912448f14fcc5064ed6c6e8d
"intermediate/panel_forensic/raw_household_1398.parquet",1w4eFUzaBybiqr46QNbTAFFoPT5_rThB2,651463,58b1880179d14cb609aa4688293e3519f11486cecf6a9c047e897b846d675508
"intermediate/panel_forensic/raw_members_1398.parquet",19HVpYYsPacXsgH1ZowHvi5tO2ne6S56u,898814,ad6abcbecf0b30bb9024e58988236e9b539f0d7f699c71585e5d255c56ea0dd9
"intermediate/panel_forensic/hbsir_sampling_page.html",1x7J4hgsKsKYsR26uWh3jG8XAVoN0nnxF,71358,d31b9889bd2ef2095620cb6a9ad513d9ee390989935113f2032873260e32eea1
"intermediate/panel_forensic/hoseini_panel_description.html",10ZE58VkcT0VJCpG2_jyBOSoTMksEoL07,21256,b5320ff0eed64ad6e69384528c0c416d60725fe61a097f01b1e263a864641b3e
"intermediate/panel_forensic/web_source_manifest.json",1kdrSKUEcaYji3sVUYOSNZAo8GORbDfEo,560,1f08f3b0b8a154c8ad3fc86b6303dcc3e3104d33f776b8f4837d0025400879c2
"audit/address_component_interpretation.csv",1JUGFg5ICNCURCgNUExgPykv8fl8O0ojX,4994,1862e8639e17e3e59e8a8b09730a8682321b07ae461d61e7e65a2ab6eb98eef6
"audit/boundary_1391_1392_report.md",13_Onvi6HKNz5C7djXwJ8mJoWxE5PzKnf,1358,6d4462172d29ad1b94e2626f52e2845efce2975574711e3bd1e651b6bb8b0603
"audit/address_structure_by_year.csv",1LwqRkf92gZpHZEF0ITtqM1tBMM4pxel8,8293,65720a32b70d8c4360e563f17e8c57cdcf4503d32611e5d7fec60541335ed7b4
"audit/boundary_1396_1397_report.md",1n7Ltzy05Db1_P_wzRlCn3m9OemJ103lB,1427,c45b6687dd0fc81b4ea52d0903bb321ebfa596cfcc0ade5b66d1a5f67f263247
"audit/hbsir_id_construction.md",1yF6_F7Gzh9k9ez3Xsf5_YhkM3_fKPauL,3108,7242ffaef1248ad53212454527eed92cc1d98f391f70fce7317c9c62205c55d1
"audit/id_over_three_frame_decomposition.parquet",1MOAeWdEYdZA_sIDZxDm8lQU2GR0TesPb,6266,87e7151133adc7dfd42551e8157fcba86ff843f5f7580cfd02b32802d03ac978
"audit/id_over_three_years.parquet",1lnn2t521fbcx_zEbNNJxj1qO52M8eS4E,18589,f5586d4227acc198e053425b2476f026b9e7bd21804592aec442a8dd49475f51
"audit/id_over_three_years_summary.json",1TDzcuNidXKYCSDIl2B4azb1xt5KtRUkn,471,962a70a8b9880f6e4bf120069f68902f4027387a77bc8fbf228afeff71835e67
"audit/panel_candidate_key_integrity.csv",1XDiUBqp5fiqjrVAfrkXnRQoG5KS43Hs9,1505,fad464a504ced0e16b415c91c79eba247678cca9af65c1a0f58ba97a8691bbe2
"audit/panel_candidate_length_distribution.csv",1Dddy_k8ODS2U3KRuVV4dO-s8ScUbx5is,1192,99ee4e11ba99cedbbd6274bc1cc2c613b8f7b0e6d4b4105c0647ec1f4d153551
"audit/panel_forensic_completion_status.json",1kNKjsWrgm-YFO4_LFvGIlZNViya7l30T,667,458900c1a76c36816bdaab6908f7cb0b0c274fbb01ad2e91e79fa93bbab872ac
"audit/panel_forensic_document_manifest.csv",1prBqfqkpBNakt2oFWT4JhFhtXDzA8S6V,1799,7a9cbaac4c589efd2a4c5a0be1878a558936c1b721d5f90c65b81205d24dcc7a
"audit/panel_forensic_source_archive_check.csv",1-x60oWTlmGgz6ggC0heu9DNcfTG4UN9m,874,abdf748135804f96f8d6121854b993c8210f73806df16760a12581064d19e5b3
"audit/panel_link_demographic_validation.csv",1NUTbHXdxTrtlzLxptUPx0B5tY9x93fhM,11645,b928ce0cf3b00d9e166f97ce5ad4c61cc249d1f7acab9ff60abe3a92138d1db6
"audit/panel_forensic_verification.json",1a9VqLZp4UillcVdYSr75A253hdbEqM-F,5690,fc85371587347e315b4a49cb897c01380b1f80a5b0cb9051ad67e5b0486e4e15
"audit/panel_link_partial_source_review.parquet",1zXfxUhDNZRHOOu8epByh75oFHzcex-eE,10830,7c25fb7b82cafde0b4b654be63702177b81a77a2a5721d0ad0d072c6bcea08c6
"audit/panel_frame_scoped_length_diagnostic.csv",1mgbg7Ib-gfuwyRaACpE9wM2WyLZwdcqF,260,44177e8729ca2cfe39cff05bb61eb4a009206b5831b67a2551fdd5b0bb2f8516
"audit/panel_link_quality_summary.csv",1bsN5KZNgoFCinG1H7CkM2Slb79N2xMIY,3710,21e9dc6d8a84bd830bae8c76635a673d038295e1a35da599371b8ac7e1047d78
"audit/panel_identifier_forensic_audit.md",1ReAV0o8Qi4aNPipUcgxSZJqig8YtOtj8,16862,dd6ca69cb85a430aa22ca596cc3788ea115f995142e212e5159b0a06b7930a16
"audit/panel_link_validation_sample.parquet",1SUTpn6mQAyg-ZQal3qOHI1v2aeZzG0Al,100786,3811e452141de5f9556a8a93af987ce0204c014986151d6530ebcbd981192b57
"audit/panel_key_candidate_overlap.csv",1wNO4itwdHBzDY6n9L4pQe7JbcWeNrAEc,5051,04f438c28cd67c0793210a338d3a8a739019421342a0082e220a4f0a43649eb0
"audit/panel_pilot_candidate_keys.parquet",1KS8FjRpg2VRRxuFM9OGUlv5yG2ySVdNF,12144374,854d5bf13f92d0001680774f0e8481934f132a7ffd57efebb645b3f66aa191ff
"audit/panel_pilot_link_diagnostics.parquet",1ITbmPy1uqmuqVPgXwMxPCp6oMvu-9LGO,10664180,d56df45002f3b5263164751ec32825095e301083b18b729c786dcc2844758293
"audit/raw_access_pilot_summary.csv",1a_9ZrMP3ZR1q4X8XgeMCeTF0g2NrJom2,117,8db56f297283f4d8a2cd029590f8dd3c76052da6c2910242a4fe0ea5d49e8345
"audit/panel_prior_output_preservation_check.json",19zrmfK2ExcU43MTz3Ee8d7Aq6HdyTdOQ,232,d1aed1304b5376fb9f014aa50403e39686e231a2fab99003e6775feda040b0cb
"audit/panel_three_wave_cohort_status.csv",1ao3sIJ1rd6wDPXFRLT7VOOd7UCwUmKVV,913,67d4fca2966c1246d6ffc5e1d33ca3d2a065d0049f67cf71c7821f3560e098fb
"audit/raw_access_tables_1390.csv",1Bvd5aG7Lj_58EEC9QOxALVpLmazMJcoa,2661,904b5760b7dbaeaac291a4a53006716eb9c1332e09bb20772e78805c92d1a3dd
"audit/raw_access_tables_1391.csv",1Cq3WVPhhXOITgQLw5Jt3qeFe3UllNgXY,2517,c1a94abcebd7722355715aaef90c1f619c575ec8278456cd2075c09c6dda9996
"audit/raw_access_tables_1392.csv",1H_9SYqiGRDOL4BMDRUvrF-gZ6RHuB_-g,2423,d50d2fc78c9167966646ec374d4566ee9fdb26ce11358f10696a7fa3e9877dc3
"audit/panel_validation_sample_summary.csv",1wNvN-XYOnAioC0y9CzabXLtLWML2ibTH,114,95aa38ad490edc3cd19f8ca61657078f62ca512d88d08366f1f9fd344195ddfb
"audit/raw_access_all_columns.csv",1B_kRSQDiFv-UfgGQ4FC85f4rvKGdUJ2l,246356,bf3e28bd0d00fdd3fda6af0290179ae9c181906ea923a253f3f89a62cc3a2f18
"audit/raw_access_tables_1393.csv",1TPXW5GO8htkjE-u4UnlJXxN6a05sIoi4,2424,95ff3adf939db097135a4a5583a23b2101b2bed5eb0f4b715a1be8d059c50a98
"audit/raw_access_tables_1395.csv",1GHQ8MtiIfWGvdE_JbEPwFi6UWsNla945,2469,1abfe9832f0735933400410682f803db4af0a95e4e2e141c38c8b69624441672
"audit/raw_access_database_manifest.csv",1Tbw6VkE8h-8Q2OIxG28BY29Q_l5Xjd7T,904,39025020eaaea3b121d3e9aca664e85d18bb5e9c000c11d55a816994b52d3817
"audit/raw_access_tables_1396.csv",1K9ODEtBAtafSUWOsxJkRDzSN_vburqyw,2037,540b695b2adfef262f5909eb26169f5d62451d9ee46db5e8deadcefa95a63b26
"audit/raw_access_tables_1397.csv",1UhQmtkW1ds94E3R0OyqG9esFuyYRbJwU,2750,86fc055c2fb0cbeeecca4e040398d527581869421ef21a2e6845b2f49e0f4b15
"audit/raw_access_tables_1398.csv",1nPLtZfapRkK70__rY-VqrzUQRfvEqCid,3715,e056818e953f469c14401d905f4b56f9c885462da0fdb161540b1d02b7ff090e
"audit/raw_household_schema_1390.csv",1_T27ICwJPYPSJiOfYRt1Y1s964YigYZE,12162,be4343edaa8de0951bda1f50f4e6d238319a0559b56184d1473ee31e822d45d3
"audit/raw_household_schema_1391.csv",12m_N1jFimN6tUeijGf6v2MejGPIlht-y,13248,fc82e141fc623d6fe5942e33f64437fb0621755dccaf31417de02a7f2b02d4a5
"audit/raw_household_schema_1392.csv",12ewkCTgUj5b7G3UPyI6bOSttJ0wGsaXA,15373,83ee2bb7019046621c7853a505ff03d4c585d57ac4f472848d8f7f39e840dd24
"audit/raw_household_schema_1393.csv",1gMc7FgwN9ytl0esTu1-_7bVWtZUg6TtA,14866,c359fe291db1f0b9a82a53d44fe2985c88f17b83a3af1e5125581b92d537c8a8
"audit/raw_household_schema_1395.csv",17f6rlDnOSHi-pS5T9oRyv0heIDRENqZk,15170,7fbf2bf413ce019f2f389e580dea46d2747afbaee8998d0d66d95c313eb8442e
"audit/raw_household_schema_1396.csv",1jcdxbokBfc-OS9GVXnbSQcLr1rpm7Q6n,8538,c7789843482c4c01cf988c38b204cf9b0b6e262b76772d6f4af8999d36ef147c
"audit/raw_household_schema_1397.csv",1eHKm_kgG9_ASTjd3M-lemNm8D9H7D4gC,8697,350d31f87be0fea69ca6f782082cde1bb644d2ceaf5677e867f4fedfca2bbdf0
"audit/raw_household_schema_1398.csv",1unYmsiiTpE7pn_yG4ZIi0eYdGqqKrbDc,8644,c6c12b6024ec77d8ea726c598cd9ecffe21b7bc0fb70394580e8c73832fb2903
"audit/raw_household_schema_summary.csv",15aClmPVlOORmnc3YXNGnwDHUa1PvrYA0,75225,5ac30fba51d9597b94dc212b970b483c68ac42dd61e0f7d518b3969696a4f973
"audit/raw_panel_id_integrity.csv",1wZMhcDpVKc56rBZMQV6HfwpNykLNEg2x,363,ed26312642cee8827db4ea0bd2fa015fa27cbff07ef7b653ee3925b9b4870c5a
"audit/sampling_frame_change_report.md",1Bv_1D5lsjkTRWg6jZSsI9kCMZeFv6C3f,4550,88ff07e402800b59599d2bc5084c801143fcaecd951228044baf5784d7ff6b41

