Method,Year_t,Year_next,Lag,N_t,N_next,N_common,Overlap_from_t,Overlap_from_next,Jaccard,Boundary_Crossed,Scope
HBSIR_ID,1390,1391,1,40010,40007,27794,0.6946763309172707,0.6947284225260579,0.5322176052697087,False,raw_pilot
HBSIR_ID,1390,1392,2,40010,39864,0,0.0,0.0,0.0,True,raw_pilot
HBSIR_ID,1391,1392,1,40007,39864,0,0.0,0.0,0.0,True,raw_pilot
HBSIR_ID,1391,1393,2,40007,39856,0,0.0,0.0,0.0,True,raw_pilot
HBSIR_ID,1392,1393,1,39864,39856,21851,0.5481386714830423,0.5482486953030912,0.3775942214311635,False,raw_pilot
HBSIR_ID,1393,1395,2,39856,39864,9087,0.22799578482537133,0.227950030102348,0.1286509138787819,False,raw_pilot
HBSIR_ID,1395,1396,1,39864,37962,20796,0.5216736905478627,0.5478109688636005,0.36465018411362443,False,raw_pilot
HBSIR_ID,1395,1397,2,39864,38960,0,0.0,0.0,0.0,True,raw_pilot
HBSIR_ID,1396,1397,1,37962,38960,0,0.0,0.0,0.0,True,raw_pilot
HBSIR_ID,1396,1398,2,37962,38328,0,0.0,0.0,0.0,True,raw_pilot
HBSIR_ID,1397,1398,1,38960,38328,18114,0.4649383983572895,0.4726048841577959,0.30611417176462635,False,raw_pilot
Raw_Address,1390,1391,1,40010,40007,27794,0.6946763309172707,0.6947284225260579,0.5322176052697087,False,raw_pilot
Raw_Address,1390,1392,2,40010,39864,0,0.0,0.0,0.0,True,raw_pilot
Raw_Address,1391,1392,1,40007,39864,0,0.0,0.0,0.0,True,raw_pilot
Raw_Address,1391,1393,2,40007,39856,0,0.0,0.0,0.0,True,raw_pilot
Raw_Address,1392,1393,1,39864,39856,21851,0.5481386714830423,0.5482486953030912,0.3775942214311635,False,raw_pilot
Raw_Address,1393,1395,2,39856,39864,9087,0.22799578482537133,0.227950030102348,0.1286509138787819,False,raw_pilot
Raw_Address,1395,1396,1,39864,37962,20796,0.5216736905478627,0.5478109688636005,0.36465018411362443,False,raw_pilot
Raw_Address,1395,1397,2,39864,38960,0,0.0,0.0,0.0,True,raw_pilot
Raw_Address,1396,1397,1,37962,38960,0,0.0,0.0,0.0,True,raw_pilot
Raw_Address,1396,1398,2,37962,38328,0,0.0,0.0,0.0,True,raw_pilot
Raw_Address,1397,1398,1,38960,38328,18114,0.4649383983572895,0.4726048841577959,0.30611417176462635,False,raw_pilot
Frame_Address,1390,1391,1,40010,40007,27794,0.6946763309172707,0.6947284225260579,0.5322176052697087,False,raw_pilot
Frame_Address,1390,1392,2,40010,39864,0,0.0,0.0,0.0,True,raw_pilot
Frame_Address,1391,1392,1,40007,39864,0,0.0,0.0,0.0,True,raw_pilot
Frame_Address,1391,1393,2,40007,39856,0,0.0,0.0,0.0,True,raw_pilot
Frame_Address,1392,1393,1,39864,39856,21851,0.5481386714830423,0.5482486953030912,0.3775942214311635,False,raw_pilot
Frame_Address,1393,1395,2,39856,39864,9087,0.22799578482537133,0.227950030102348,0.1286509138787819,False,raw_pilot
Frame_Address,1395,1396,1,39864,37962,20796,0.5216736905478627,0.5478109688636005,0.36465018411362443,False,raw_pilot
Frame_Address,1395,1397,2,39864,38960,0,0.0,0.0,0.0,True,raw_pilot
Frame_Address,1396,1397,1,37962,38960,0,0.0,0.0,0.0,True,raw_pilot
Frame_Address,1396,1398,2,37962,38328,0,0.0,0.0,0.0,True,raw_pilot
Frame_Address,1397,1398,1,38960,38328,18114,0.4649383983572895,0.4726048841577959,0.30611417176462635,False,raw_pilot
Original_Only,1390,1391,1,29368,29761,19415,0.6610937074366657,0.6523638318604885,0.4888704235282268,False,raw_pilot
Original_Only,1390,1392,2,29368,31182,0,0.0,0.0,0.0,True,raw_pilot
Original_Only,1391,1392,1,29761,31182,0,0.0,0.0,0.0,True,raw_pilot
Original_Only,1391,1393,2,29761,29232,0,0.0,0.0,0.0,True,raw_pilot
Original_Only,1392,1393,1,31182,29232,16118,0.5169007760887692,0.5513820470717022,0.3638703268918187,False,raw_pilot
Original_Only,1393,1395,2,29232,29060,6480,0.22167487684729065,0.22298692360633174,0.1250675519184745,False,raw_pilot
Original_Only,1395,1396,1,29060,27607,14374,0.49463179628355125,0.5206650487195277,0.33986711748989196,False,raw_pilot
Original_Only,1395,1397,2,29060,28378,0,0.0,0.0,0.0,True,raw_pilot
Original_Only,1396,1397,1,27607,28378,0,0.0,0.0,0.0,True,raw_pilot
Original_Only,1396,1398,2,27607,28756,0,0.0,0.0,0.0,True,raw_pilot
Original_Only,1397,1398,1,28378,28756,14537,0.5122630206497991,0.5055292808457366,0.34126816442472474,False,raw_pilot
Respondent_Location,1390,1391,1,34094,33848,19415,0.5694550360767291,0.5735937130701961,0.40008654975580604,False,raw_pilot
Respondent_Location,1390,1392,2,34094,38316,0,0.0,0.0,0.0,True,raw_pilot
Respondent_Location,1391,1392,1,33848,38316,0,0.0,0.0,0.0,True,raw_pilot
Respondent_Location,1391,1393,2,33848,36144,0,0.0,0.0,0.0,True,raw_pilot
Respondent_Location,1392,1393,1,38316,36144,16144,0.42133834429481154,0.44665781319167774,0.27683654571644145,False,raw_pilot
Respondent_Location,1393,1395,2,36144,35950,6492,0.17961487383798141,0.18058414464534076,0.09896039754885522,False,raw_pilot
Respondent_Location,1395,1396,1,35950,35628,14577,0.4054798331015299,0.4091444930953183,0.25573235557270924,False,raw_pilot
Respondent_Location,1395,1397,2,35950,38960,0,0.0,0.0,0.0,True,raw_pilot
Respondent_Location,1396,1397,1,35628,38960,0,0.0,0.0,0.0,True,raw_pilot
Respondent_Location,1396,1398,2,35628,36960,0,0.0,0.0,0.0,True,raw_pilot
Respondent_Location,1397,1398,1,38960,36960,14537,0.3731262833675565,0.3933170995670996,0.23682452796376846,False,raw_pilot
