Year,Official_URL,Official_HTTP_Status,Source,Actual_URL,Local_File,File_Size_Bytes,SHA256,Archive_Signature,Size_Matches_Manifest,SHA256_Matches_Manifest,Signature_Matches_Manifest,Archive_Integrity_Check,Status
1390,https://amar.org.ir/Portals/0/Statistics/90-14021117122612.rar,503,hbsir_documented_mirror:amazon,https://iran-open-data.s3.us-east-2.amazonaws.com/HBSIR/1_original/1390/data.rar,1390/data.rar,22611642,6f52a9312e261cbe9cea96c24f8fb4c5184a50bf2b0d2d355781614ad8d14522,RAR4,True,True,True,RAR_test_passed,passed
1391,https://ssis.sci.org.ir/download/sample/3343,503,hbsir_documented_mirror:amazon,https://iran-open-data.s3.us-east-2.amazonaws.com/HBSIR/1_original/1391/data.rar,1391/data.rar,24523548,65161a49544db14ec6323a7ffaed6556a85113c671dbf5c5d0dbf183d2520af6,RAR5,True,True,True,RAR_test_passed,passed
1392,https://amar.org.ir/Portals/0/Statistics/files/hazinehdaramad-92.rar,503,hbsir_documented_mirror:amazon,https://iran-open-data.s3.us-east-2.amazonaws.com/HBSIR/1_original/1392/data.rar,1392/data.rar,53215925,7b2df5603d7c0f1f450a5018455fad87290cbbb1e2e94703d7e874364df2dffc,RAR4,True,True,True,RAR_test_passed,passed
1393,https://ssis.sci.org.ir/download/sample/3345,503,hbsir_documented_mirror:amazon,https://iran-open-data.s3.us-east-2.amazonaws.com/HBSIR/1_original/1393/data.rar,1393/data.rar,63569357,a678b31a136e6d34a0fd1f7b0878557f8b059674974375d363ced1835ad767a4,RAR5,True,True,True,RAR_test_passed,passed
1394,https://amar.org.ir/Portals/0/Statistics/files/hazinehdaramad-94.rar,503,hbsir_documented_mirror:amazon,https://iran-open-data.s3.us-east-2.amazonaws.com/HBSIR/1_original/1394/data.rar,1394/data.rar,70613977,2b19dd37c5ea597dcefad86ca5eded51344c4e0babe089653adf50b04fe44797,RAR4,True,True,True,RAR_test_passed,passed
1395,https://amar.org.ir/Portals/0/Statistics/files/hazinehdaramad-95.rar,503,hbsir_documented_mirror:amazon,https://iran-open-data.s3.us-east-2.amazonaws.com/HBSIR/1_original/1395/data.rar,1395/data.rar,67936204,7982942f19ea81cb96b464337b1bb6858e80aa7ee3a649c334100418d5f0ec7b,RAR4,True,True,True,RAR_test_passed,passed
1396,https://ssis.sci.org.ir/download/sample/1384,503,hbsir_documented_mirror:amazon,https://iran-open-data.s3.us-east-2.amazonaws.com/HBSIR/1_original/1396/data.rar,1396/data.rar,21071715,32e6ea596a92f1689b7d5a7154a6049ddbf61429718c6ec0c1961cfce64c1c5e,RAR4,True,True,True,RAR_test_passed,passed
1397,https://ssis.sci.org.ir/download/sample/1840,503,hbsir_documented_mirror:amazon,https://iran-open-data.s3.us-east-2.amazonaws.com/HBSIR/1_original/1397/data.rar,1397/data.rar,24843565,0f207f73a4c29ed8d566f7f2a10da7a5b421ba1135f5dec92a5839c15fded808,RAR4,True,True,True,RAR_test_passed,passed
1398,https://ssis.sci.org.ir/download/sample/3684,503,hbsir_documented_mirror:amazon,https://iran-open-data.s3.us-east-2.amazonaws.com/HBSIR/1_original/1398/data.rar,1398/data.rar,18986746,9dcf7f207ead45f6fa25f6123a211b3b28788578a49db2d0221c968946a6004f,RAR4,True,True,True,RAR_test_passed,passed
1399,https://ssis.sci.org.ir/download/sample/5383,503,hbsir_documented_mirror:amazon,https://iran-open-data.s3.us-east-2.amazonaws.com/HBSIR/1_original/1399/data.rar,1399/data.rar,18943157,3b7ea6755356614a0a4fe3d62d271aee1cad98db515eb453c3c8ad4d0f46147b,RAR4,True,True,True,RAR_test_passed,passed
1400,https://amar.org.ir/Portals/0/Statistics/1400-14021117121329.rar,503,hbsir_documented_mirror:amazon,https://iran-open-data.s3.us-east-2.amazonaws.com/HBSIR/1_original/1400/data.rar,1400/data.rar,19063841,819051c4fe8ff25ab54599b3cbb8e2003979d68296b2f5845b17a032c65ea3df,RAR4,True,True,True,RAR_test_passed,passed
1401,https://amar.org.ir/Portals/0/Statistics/1401-14021117122058.rar,503,hbsir_documented_mirror:amazon,https://iran-open-data.s3.us-east-2.amazonaws.com/HBSIR/1_original/1401/data.rar,1401/data.rar,20857235,877f43f0d790c68bf627db8f976667666cd54f4e3e80dd628ed26bedd0d8d39a,RAR4,True,True,True,RAR_test_passed,passed
1402,https://amar.org.ir/Portals/0/Statistics/rawdata_hazinedaramad_1402-14030714125607.zip,503,hbsir_documented_mirror:amazon,https://iran-open-data.s3.us-east-2.amazonaws.com/HBSIR/1_original/1402/data.rar,1402/data.rar,110982868,f043d964e09573e58fdeec0291aeb03f726f0d58284814373c5e7eb1e84d37ee,ZIP,True,True,True,passed,passed
1403,https://amar.org.ir/Portals/0/Statistics/rawdata_hazinedaramad_1403-14040617123450.zip,503,hbsir_documented_mirror:amazon,https://iran-open-data.s3.us-east-2.amazonaws.com/HBSIR/1_original/1403/data.rar,1403/data.rar,32994730,448027572dcb8009cbb1eebb982c4085651bcc93078b50585227fe5201d20aa7,ZIP,True,True,True,passed,passed
