Year,Database_File,Table_Name,Row_Count,Column_Count,Household_Design_Table
1390,1390/90/90/Outfile-90.mdb,R90,20435,2,False
1390,1390/90/90/Outfile-90.mdb,R90Data,20435,21,True
1390,1390/90/90/Outfile-90.mdb,R90KarBargh1,16153,4,False
1390,1390/90/90/Outfile-90.mdb,R90KarBargh2,10157,95,False
1390,1390/90/90/Outfile-90.mdb,R90P1,79079,10,False
1390,1390/90/90/Outfile-90.mdb,R90P2,19786,60,False
1390,1390/90/90/Outfile-90.mdb,R90P3S01,601836,7,False
1390,1390/90/90/Outfile-90.mdb,R90P3S02,4933,7,False
1390,1390/90/90/Outfile-90.mdb,R90P3S03,45392,4,False
1390,1390/90/90/Outfile-90.mdb,R90P3S04,76147,5,False
1390,1390/90/90/Outfile-90.mdb,R90P3S05,114259,4,False
1390,1390/90/90/Outfile-90.mdb,R90P3S06,36503,4,False
1390,1390/90/90/Outfile-90.mdb,R90P3S07,48002,4,False
1390,1390/90/90/Outfile-90.mdb,R90P3S08,26770,4,False
1390,1390/90/90/Outfile-90.mdb,R90P3S09,17756,4,False
1390,1390/90/90/Outfile-90.mdb,R90P3S10,0,4,False
1390,1390/90/90/Outfile-90.mdb,R90P3S11,16814,4,False
1390,1390/90/90/Outfile-90.mdb,R90P3S12,81768,4,False
1390,1390/90/90/Outfile-90.mdb,R90P3S13,216484,7,False
1390,1390/90/90/Outfile-90.mdb,R90P3S14,8338,5,False
1390,1390/90/90/Outfile-90.mdb,R90P4S01,12377,16,False
1390,1390/90/90/Outfile-90.mdb,R90P4S02,18651,16,False
1390,1390/90/90/Outfile-90.mdb,R90P4S03,9842,8,False
1390,1390/90/90/Outfile-90.mdb,R90P4S04,21503,5,False
1390,1390/90/90/Outfile-90.mdb,U90,19575,2,False
1390,1390/90/90/Outfile-90.mdb,U90Data,19576,21,True
1390,1390/90/90/Outfile-90.mdb,U90KarBargh1,17371,4,False
1390,1390/90/90/Outfile-90.mdb,U90KarBargh2,1176,95,False
1390,1390/90/90/Outfile-90.mdb,U90P1,71461,10,False
1390,1390/90/90/Outfile-90.mdb,U90P2,18727,60,False
1390,1390/90/90/Outfile-90.mdb,U90P3S01,646052,7,False
1390,1390/90/90/Outfile-90.mdb,U90P3S02,4019,7,False
1390,1390/90/90/Outfile-90.mdb,U90P3S03,43245,4,False
1390,1390/90/90/Outfile-90.mdb,U90P3S04,75577,5,False
1390,1390/90/90/Outfile-90.mdb,U90P3S05,108109,4,False
1390,1390/90/90/Outfile-90.mdb,U90P3S06,34720,4,False
1390,1390/90/90/Outfile-90.mdb,U90P3S07,52603,4,False
1390,1390/90/90/Outfile-90.mdb,U90P3S08,31236,4,False
1390,1390/90/90/Outfile-90.mdb,U90P3S09,23118,4,False
1390,1390/90/90/Outfile-90.mdb,U90P3S10,0,4,False
1390,1390/90/90/Outfile-90.mdb,U90P3S11,20350,4,False
1390,1390/90/90/Outfile-90.mdb,U90P3S12,85569,4,False
1390,1390/90/90/Outfile-90.mdb,U90P3S13,242239,7,False
1390,1390/90/90/Outfile-90.mdb,U90P3S14,4521,5,False
1390,1390/90/90/Outfile-90.mdb,U90P4S01,12686,16,False
1390,1390/90/90/Outfile-90.mdb,U90P4S02,7351,16,False
1390,1390/90/90/Outfile-90.mdb,U90P4S03,10311,8,False
1390,1390/90/90/Outfile-90.mdb,U90P4S04,19738,5,False
