Year,Frame,Cross,Tekrari_Code,Status_Code,N
1392,Frame_1392_1396,Tekrari × Takmil,<MISSING>,1,31182
1392,Frame_1392_1396,Tekrari × Takmil,<MISSING>,2,8682
1392,Frame_1392_1396,Tekrari × Jaygozin,<MISSING>,1,7134
1392,Frame_1392_1396,Tekrari × Jaygozin,<MISSING>,2,697
1392,Frame_1392_1396,Tekrari × Jaygozin,<MISSING>,<MISSING>,32033
1392,Frame_1392_1396,Takmil × Jaygozin,1,<MISSING>,31182
1392,Frame_1392_1396,Takmil × Jaygozin,2,1,7134
1392,Frame_1392_1396,Takmil × Jaygozin,2,2,697
1392,Frame_1392_1396,Takmil × Jaygozin,2,<MISSING>,851
1393,Frame_1392_1396,Tekrari × Takmil,.,2,2
1393,Frame_1392_1396,Tekrari × Takmil,1,2,2114
1393,Frame_1392_1396,Tekrari × Takmil,<MISSING>,1,29232
1393,Frame_1392_1396,Tekrari × Takmil,<MISSING>,2,8491
1393,Frame_1392_1396,Tekrari × Takmil,<MISSING>,<MISSING>,17
1393,Frame_1392_1396,Tekrari × Jaygozin,.,1,2
1393,Frame_1392_1396,Tekrari × Jaygozin,1,<MISSING>,2114
1393,Frame_1392_1396,Tekrari × Jaygozin,<MISSING>,1,6910
1393,Frame_1392_1396,Tekrari × Jaygozin,<MISSING>,2,803
1393,Frame_1392_1396,Tekrari × Jaygozin,<MISSING>,<MISSING>,30027
1393,Frame_1392_1396,Takmil × Jaygozin,1,<MISSING>,29232
1393,Frame_1392_1396,Takmil × Jaygozin,2,1,6912
1393,Frame_1392_1396,Takmil × Jaygozin,2,2,803
1393,Frame_1392_1396,Takmil × Jaygozin,2,<MISSING>,2892
1393,Frame_1392_1396,Takmil × Jaygozin,<MISSING>,<MISSING>,17
1394,Frame_1392_1396,Tekrari × Takmil,1,2,2107
1394,Frame_1392_1396,Tekrari × Takmil,<MISSING>,1,29100
1394,Frame_1392_1396,Tekrari × Takmil,<MISSING>,2,8650
1394,Frame_1392_1396,Tekrari × Jaygozin,1,<MISSING>,2107
1394,Frame_1392_1396,Tekrari × Jaygozin,<MISSING>,1,7045
1394,Frame_1392_1396,Tekrari × Jaygozin,<MISSING>,2,788
1394,Frame_1392_1396,Tekrari × Jaygozin,<MISSING>,<MISSING>,29917
1394,Frame_1392_1396,Takmil × Jaygozin,1,<MISSING>,29100
1394,Frame_1392_1396,Takmil × Jaygozin,2,1,7045
1394,Frame_1392_1396,Takmil × Jaygozin,2,2,788
1394,Frame_1392_1396,Takmil × Jaygozin,2,<MISSING>,2924
1395,Frame_1392_1396,Tekrari × Takmil,1,2,2196
1395,Frame_1392_1396,Tekrari × Takmil,<MISSING>,1,29060
1395,Frame_1392_1396,Tekrari × Takmil,<MISSING>,2,8608
1395,Frame_1392_1396,Tekrari × Jaygozin,1,<MISSING>,2196
1395,Frame_1392_1396,Tekrari × Jaygozin,<MISSING>,1,6890
1395,Frame_1392_1396,Tekrari × Jaygozin,<MISSING>,2,836
1395,Frame_1392_1396,Tekrari × Jaygozin,<MISSING>,<MISSING>,29942
1395,Frame_1392_1396,Takmil × Jaygozin,1,<MISSING>,29060
1395,Frame_1392_1396,Takmil × Jaygozin,2,1,6890
1395,Frame_1392_1396,Takmil × Jaygozin,2,2,836
1395,Frame_1392_1396,Takmil × Jaygozin,2,<MISSING>,3078
1396,Frame_1392_1396,Tekrari × Takmil,<MISSING>,1,27607
1396,Frame_1392_1396,Tekrari × Takmil,<MISSING>,2,10355
1396,Frame_1392_1396,Tekrari × Jaygozin,<MISSING>,1,8021
1396,Frame_1392_1396,Tekrari × Jaygozin,<MISSING>,<MISSING>,29941
1396,Frame_1392_1396,Takmil × Jaygozin,1,<MISSING>,27607
1396,Frame_1392_1396,Takmil × Jaygozin,2,1,8021
1396,Frame_1392_1396,Takmil × Jaygozin,2,<MISSING>,2334
1397,Frame_1397_1403,Tekrari × Takmil,<MISSING>,1,28378
1397,Frame_1397_1403,Tekrari × Takmil,<MISSING>,2,10582
1397,Frame_1397_1403,Tekrari × Jaygozin,<MISSING>,1,10582
1397,Frame_1397_1403,Tekrari × Jaygozin,<MISSING>,<MISSING>,28378
1397,Frame_1397_1403,Takmil × Jaygozin,1,<MISSING>,28378
1397,Frame_1397_1403,Takmil × Jaygozin,2,1,10582
1398,Frame_1397_1403,Tekrari × Takmil,<MISSING>,1,28756
1398,Frame_1397_1403,Tekrari × Takmil,<MISSING>,2,9572
1398,Frame_1397_1403,Tekrari × Jaygozin,<MISSING>,1,8204
1398,Frame_1397_1403,Tekrari × Jaygozin,<MISSING>,<MISSING>,30124
1398,Frame_1397_1403,Takmil × Jaygozin,1,<MISSING>,28756
1398,Frame_1397_1403,Takmil × Jaygozin,2,1,8204
1398,Frame_1397_1403,Takmil × Jaygozin,2,<MISSING>,1368
1399,Frame_1397_1403,Tekrari × Takmil,<MISSING>,1,28211
1399,Frame_1397_1403,Tekrari × Takmil,<MISSING>,2,9346
1399,Frame_1397_1403,Tekrari × Jaygozin,<MISSING>,1,8372
1399,Frame_1397_1403,Tekrari × Jaygozin,<MISSING>,<MISSING>,29185
1399,Frame_1397_1403,Takmil × Jaygozin,1,<MISSING>,28211
1399,Frame_1397_1403,Takmil × Jaygozin,2,1,8372
1399,Frame_1397_1403,Takmil × Jaygozin,2,<MISSING>,974
1400,Frame_1397_1403,Tekrari × Takmil,<MISSING>,1,28398
1400,Frame_1397_1403,Tekrari × Takmil,<MISSING>,2,9590
1400,Frame_1397_1403,Tekrari × Jaygozin,<MISSING>,1,8406
1400,Frame_1397_1403,Tekrari × Jaygozin,<MISSING>,<MISSING>,29582
1400,Frame_1397_1403,Takmil × Jaygozin,1,<MISSING>,28398
1400,Frame_1397_1403,Takmil × Jaygozin,2,1,8406
1400,Frame_1397_1403,Takmil × Jaygozin,2,<MISSING>,1184
1401,Frame_1397_1403,Tekrari × Takmil,<MISSING>,1,27785
1401,Frame_1397_1403,Tekrari × Takmil,<MISSING>,2,10166
1401,Frame_1397_1403,Tekrari × Jaygozin,<MISSING>,1,8691
1401,Frame_1397_1403,Tekrari × Jaygozin,<MISSING>,<MISSING>,29260
1401,Frame_1397_1403,Takmil × Jaygozin,1,<MISSING>,27785
1401,Frame_1397_1403,Takmil × Jaygozin,2,1,8691
1401,Frame_1397_1403,Takmil × Jaygozin,2,<MISSING>,1475
1402,Frame_1397_1403,Tekrari × Takmil,<MISSING>,1,27941
1402,Frame_1397_1403,Tekrari × Takmil,<MISSING>,2,9942
1402,Frame_1397_1403,Tekrari × Jaygozin,<MISSING>,1,8245
1402,Frame_1397_1403,Tekrari × Jaygozin,<MISSING>,<MISSING>,29638
1402,Frame_1397_1403,Takmil × Jaygozin,1,<MISSING>,27941
1402,Frame_1397_1403,Takmil × Jaygozin,2,1,8245
1402,Frame_1397_1403,Takmil × Jaygozin,2,<MISSING>,1697
1403,Frame_1397_1403,Tekrari × Takmil,<MISSING>,1,27824
1403,Frame_1397_1403,Tekrari × Takmil,<MISSING>,2,9681
1403,Frame_1397_1403,Tekrari × Jaygozin,<MISSING>,1,8064
1403,Frame_1397_1403,Tekrari × Jaygozin,<MISSING>,<MISSING>,29441
1403,Frame_1397_1403,Takmil × Jaygozin,1,<MISSING>,27824
1403,Frame_1397_1403,Takmil × Jaygozin,2,1,8064
1403,Frame_1397_1403,Takmil × Jaygozin,2,<MISSING>,1617
