Commodity_Code,Years_Observed,First_Year_Observed,Last_Year_Observed,Commodity_Names,HBSIR_Category_Level_1_Values,HBSIR_Category_Level_2_Values,HBSIR_Category_Level_3_Values,Name_Changed,HBSIR_Category_Changed
11111,1390;1391;1392;1393;1394;1395;1396;1397;1398;1399;1400;1401;1402;1403,1390,1403,غلات,مواد خوراکی و نوشیدنی\u200cهای غیر الکلی,مواد خوراکی,غلات، نان، آرد، رشته و فرآورده\u200cهای آن,False,False
11112,1390;1391;1392;1393;1394;1395;1396;1397;1398;1399;1400;1401;1402;1403,1390,1403,غلات,مواد خوراکی و نوشیدنی\u200cهای غیر الکلی,مواد خوراکی,غلات، نان، آرد، رشته و فرآورده\u200cهای آن,False,False
11113,1390;1391;1392;1393;1394;1395;1396;1397;1398;1399;1400;1401;1402;1403,1390,1403,غلات,مواد خوراکی و نوشیدنی\u200cهای غیر الکلی,مواد خوراکی,غلات، نان، آرد، رشته و فرآورده\u200cهای آن,False,False
11114,1390;1391;1392;1393;1394;1395;1396;1397;1398;1399;1400;1401;1402;1403,1390,1403,غلات,مواد خوراکی و نوشیدنی\u200cهای غیر الکلی,مواد خوراکی,غلات، نان، آرد، رشته و فرآورده\u200cهای آن,False,False
11115,1390;1391;1392;1393;1394;1395;1396;1397;1398;1399;1400;1401;1402;1403,1390,1403,غلات,مواد خوراکی و نوشیدنی\u200cهای غیر الکلی,مواد خوراکی,غلات، نان، آرد، رشته و فرآورده\u200cهای آن,False,False
11116,1390;1391;1392;1393;1394;1395;1396;1397;1398;1399;1400;1401;1402;1403,1390,1403,غلات,مواد خوراکی و نوشیدنی\u200cهای غیر الکلی,مواد خوراکی,غلات، نان، آرد، رشته و فرآورده\u200cهای آن,False,False
11117,1390;1391;1392;1393;1394;1395;1396;1397;1398;1399;1400;1401;1402;1403,1390,1403,غلات,مواد خوراکی و نوشیدنی\u200cهای غیر الکلی,مواد خوراکی,غلات، نان، آرد، رشته و فرآورده\u200cهای آن,False,False
11118,1390;1391;1392;1393;1394;1395;1396;1397;1398;1399;1400;1401;1402;1403,1390,1403,غلات,مواد خوراکی و نوشیدنی\u200cهای غیر الکلی,مواد خوراکی,غلات، نان، آرد، رشته و فرآورده\u200cهای آن,False,False
11121,1390;1391;1392;1393;1394;1395;1396;1397;1398;1399;1400;1401;1402;1403,1390,1403,غلات,مواد خوراکی و نوشیدنی\u200cهای غیر الکلی,مواد خوراکی,غلات، نان، آرد، رشته و فرآورده\u200cهای آن,False,False
11122,1390;1391;1392;1393;1394;1395;1396;1397;1398;1399;1400;1401;1402;1403,1390,1403,غلات,مواد خوراکی و نوشیدنی\u200cهای غیر الکلی,مواد خوراکی,غلات، نان، آرد، رشته و فرآورده\u200cهای آن,False,False
11123,1390;1391;1392;1393;1394;1395;1396;1397;1398;1399;1400;1401;1402;1403,1390,1403,غلات,مواد خوراکی و نوشیدنی\u200cهای غیر الکلی,مواد خوراکی,غلات، نان، آرد، رشته و فرآورده\u200cهای آن,False,False
11124,1390;1391;1392;1393;1394;1395;1396;1397;1398;1399;1400;1401;1402;1403,1390,1403,غلات,مواد خوراکی و نوشیدنی\u200cهای غیر الکلی,مواد خوراکی,غلات، نان، آرد، رشته و فرآورده\u200cهای آن,False,False
11125,1390;1391;1392;1393;1394;1395;1396;1397;1398;1399;1400;1401;1402;1403,1390,1403,غلات,مواد خوراکی و نوشیدنی\u200cهای غیر الکلی,مواد خوراکی,غلات، نان، آرد، رشته و فرآورده\u200cهای آن,False,False
11141,1390;1391;1392;1393;1394;1395;1396;1397;1398;1399;1400;1401;1402;1403,1390,1403,انواع نان,مواد خوراکی و نوشیدنی\u200cهای غیر الکلی,مواد خوراکی,غلات، نان، آرد، رشته و فرآورده\u200cهای آن,False,False
11142,1390;1391;1392;1393;1394;1395;1396;1397;1398;1399;1400;1401;1402;1403,1390,1403,انواع نان,مواد خوراکی و نوشیدنی\u200cهای غیر الکلی,مواد خوراکی,غلات، نان، آرد، رشته و فرآورده\u200cهای آن,False,False
11143,1390;1391;1392;1393;1394;1395;1396;1397;1398;1399;1400;1401;1402;1403,1390,1403,انواع نان,مواد خوراکی و نوشیدنی\u200cهای غیر الکلی,مواد خوراکی,غلات، نان، آرد، رشته و فرآورده\u200cهای آن,False,False
11144,1390;1391;1392;1393;1394;1395;1396;1397;1398;1399;1400;1401;1402;1403,1390,1403,انواع نان,مواد خوراکی و نوشیدنی\u200cهای غیر الکلی,مواد خوراکی,غلات، نان، آرد، رشته و فرآورده\u200cهای آن,False,False
11151,1390;1391;1392;1393;1394;1395;1396;1397;1398;1399;1400;1401;1402;1403,1390,1403,انواع نان,مواد خوراکی و نوشیدنی\u200cهای غیر الکلی,مواد خوراکی,غلات، نان، آرد، رشته و فرآورده\u200cهای آن,False,False
11152,1390;1391;1392;1393;1394;1395;1396;1397;1398;1399;1400;1401;1402;1403,1390,1403,انواع نان,مواد خوراکی و نوشیدنی\u200cهای غیر الکلی,مواد خوراکی,غلات، نان، آرد، رشته و فرآورده\u200cهای آن,False,False
11153,1390;1391;1392;1393;1394;1395;1396;1397;1398;1399;1400;1401;1402;1403,1390,1403,انواع نان,مواد خوراکی و نوشیدنی\u200cهای غیر الکلی,مواد خوراکی,غلات، نان، آرد، رشته و فرآورده\u200cهای آن,False,False
11154,1390;1391;1392;1393;1394;1395;1396;1397;1398;1399;1400;1401;1402;1403,1390,1403,انواع نان,مواد خوراکی و نوشیدنی\u200cهای غیر الکلی,مواد خوراکی,غلات، نان، آرد، رشته و فرآورده\u200cهای آن,False,False
11155,1390;1391;1392;1393;1394;1395;1396;1397;1398;1399;1400;1401;1402;1403,1390,1403,انواع نان,مواد خوراکی و نوشیدنی\u200cهای غیر الکلی,مواد خوراکی,غلات، نان، آرد، رشته و فرآورده\u200cهای آن,False,False
11156,1390;1391;1392;1393;1394;1395;1396;1397;1398;1399;1400;1401;1402;1403,1390,1403,انواع نان,مواد خوراکی و نوشیدنی\u200cهای غیر الکلی,مواد خوراکی,غلات، نان، آرد، رشته و فرآورده\u200cهای آن,False,False
11161,1390;1391;1392;1393;1394;1395;1396;1397;1398;1399;1400;1401;1402;1403,1390,1403,آرد رشته و فرآورده\u200cهای آن,مواد خوراکی و نوشیدنی\u200cهای غیر الکلی,مواد خوراکی,غلات، نان، آرد، رشته و فرآورده\u200cهای آن,False,False
11162,1390;1391;1392;1393;1394;1395;1396;1397;1398;1399;1400;1401;1402;1403,1390,1403,آرد رشته و فرآورده\u200cهای آن,مواد خوراکی و نوشیدنی\u200cهای غیر الکلی,مواد خوراکی,غلات، نان، آرد، رشته و فرآورده\u200cهای آن,False,False
11163,1390;1391;1392;1393;1394;1395;1396;1397;1398;1399;1400;1401;1402;1403,1390,1403,آرد رشته و فرآورده\u200cهای آن,مواد خوراکی و نوشیدنی\u200cهای غیر الکلی,مواد خوراکی,غلات، نان، آرد، رشته و فرآورده\u200cهای آن,False,False
11164,1390;1391;1392;1393;1394;1395;1396;1397;1398;1399;1400;1401;1402;1403,1390,1403,آرد رشته و فرآورده\u200cهای آن,مواد خوراکی و نوشیدنی\u200cهای غیر الکلی,مواد خوراکی,غلات، نان، آرد، رشته و فرآورده\u200cهای آن,False,False
11165,1390;1391;1392;1393;1394;1395;1396;1397;1398;1399;1400;1401;1402;1403,1390,1403,آرد رشته و فرآورده\u200cهای آن,مواد خوراکی و نوشیدنی\u200cهای غیر الکلی,مواد خوراکی,غلات، نان، آرد، رشته و فرآورده\u200cهای آن,False,False
11166,1390;1391;1392;1393;1394;1395;1396;1397;1398;1399;1400;1401;1402;1403,1390,1403,آرد رشته و فرآورده\u200cهای آن,مواد خوراکی و نوشیدنی\u200cهای غیر الکلی,مواد خوراکی,غلات، نان، آرد، رشته و فرآورده\u200cهای آن,False,False
11171,1390;1391;1392;1393;1394;1395;1396;1397;1398;1399;1400;1401;1402;1403,1390,1403,بیسکویت و کیک,مواد خوراکی و نوشیدنی\u200cهای غیر الکلی,مواد خوراکی,غلات، نان، آرد، رشته و فرآورده\u200cهای آن,False,False
11172,1390;1391;1392;1393;1394;1395;1396;1397;1398;1399;1400;1401;1402;1403,1390,1403,بیسکویت و کیک,مواد خوراکی و نوشیدنی\u200cهای غیر الکلی,مواد خوراکی,غلات، نان، آرد، رشته و فرآورده\u200cهای آن,False,False
11173,1390;1391;1392;1393;1394;1395;1396;1397;1398;1399;1400;1401;1402;1403,1390,1403,بیسکویت و کیک,مواد خوراکی و نوشیدنی\u200cهای غیر الکلی,مواد خوراکی,غلات، نان، آرد، رشته و فرآورده\u200cهای آن,False,False
11174,1390;1391;1392;1393;1394;1395;1396;1397;1398;1399;1400;1401;1402;1403,1390,1403,بیسکویت و کیک,مواد خوراکی و نوشیدنی\u200cهای غیر الکلی,مواد خوراکی,غلات، نان، آرد، رشته و فرآورده\u200cهای آن,False,False
11175,1390;1391;1392;1393;1394;1395;1396;1397;1398;1399;1400;1401;1402;1403,1390,1403,بیسکویت و کیک,مواد خوراکی و نوشیدنی\u200cهای غیر الکلی,مواد خوراکی,غلات، نان، آرد، رشته و فرآورده\u200cهای آن,False,False
11211,1390;1391;1392;1393;1394;1395;1396;1397;1398;1399;1400;1401;1402;1403,1390,1403,گوشت دام,مواد خوراکی و نوشیدنی\u200cهای غیر الکلی,مواد خوراکی,گوشت,False,False
11212,1390;1391;1392;1393;1394;1395;1396;1397;1398;1399;1400;1401;1402;1403,1390,1403,گوشت دام,مواد خوراکی و نوشیدنی\u200cهای غیر الکلی,مواد خوراکی,گوشت,False,False
11213,1390;1391;1392;1393;1394;1395;1396;1397;1398;1399;1400;1401;1402;1403,1390,1403,گوشت دام,مواد خوراکی و نوشیدنی\u200cهای غیر الکلی,مواد خوراکی,گوشت,False,False
11214,1390;1391;1392;1393;1394;1395;1396;1397;1398;1399;1400;1401;1402;1403,1390,1403,گوشت دام,مواد خوراکی و نوشیدنی\u200cهای غیر الکلی,مواد خوراکی,گوشت,False,False
11215,1390;1391;1392;1393;1394;1395;1396;1397;1398;1399;1400;1401;1402;1403,1390,1403,گوشت دام,مواد خوراکی و نوشیدنی\u200cهای غیر الکلی,مواد خوراکی,گوشت,False,False
11216,1390;1391;1392;1393;1394;1395;1396;1397;1398;1399;1400;1401;1402;1403,1390,1403,گوشت دام,مواد خوراکی و نوشیدنی\u200cهای غیر الکلی,مواد خوراکی,گوشت,False,False
11217,1390;1391;1392;1393;1394;1395;1396;1397;1398;1399;1400;1401;1402;1403,1390,1403,گوشت دام,مواد خوراکی و نوشیدنی\u200cهای غیر الکلی,مواد خوراکی,گوشت,False,False
11218,1390;1391;1392;1393;1394;1395;1396;1397;1398;1399;1400;1401;1402;1403,1390,1403,گوشت دام,مواد خوراکی و نوشیدنی\u200cهای غیر الکلی,مواد خوراکی,گوشت,False,False
11221,1390;1391;1392;1393;1394;1395;1396;1397;1398;1399;1400;1401;1402;1403,1390,1403,گوشت دام,مواد خوراکی و نوشیدنی\u200cهای غیر الکلی,مواد خوراکی,گوشت,False,False
11222,1390;1391;1392;1393;1394;1395;1396;1397;1398;1399;1400;1401;1402;1403,1390,1403,گوشت دام,مواد خوراکی و نوشیدنی\u200cهای غیر الکلی,مواد خوراکی,گوشت,False,False
11223,1390;1391;1392;1393;1394;1395;1396;1397;1398;1399;1400;1401;1402;1403,1390,1403,گوشت دام,مواد خوراکی و نوشیدنی\u200cهای غیر الکلی,مواد خوراکی,گوشت,False,False
11224,1390;1391;1392;1393;1394;1395;1396;1397;1398;1399;1400;1401;1402;1403,1390,1403,گوشت دام,مواد خوراکی و نوشیدنی\u200cهای غیر الکلی,مواد خوراکی,گوشت,False,False
11231,1390;1391;1392;1393;1394;1395;1396;1397;1398;1399;1400;1401;1402;1403,1390,1403,گوشت پرندگان,مواد خوراکی و نوشیدنی\u200cهای غیر الکلی,مواد خوراکی,گوشت,False,False
11232,1390;1391;1392;1393;1394;1395;1396;1397;1398;1399;1400;1401;1402;1403,1390,1403,گوشت پرندگان,مواد خوراکی و نوشیدنی\u200cهای غیر الکلی,مواد خوراکی,گوشت,False,False
11233,1390;1391;1392;1393;1394;1395;1396;1397;1398;1399;1400;1401;1402;1403,1390,1403,گوشت پرندگان,مواد خوراکی و نوشیدنی\u200cهای غیر الکلی,مواد خوراکی,گوشت,False,False
11234,1390;1391;1392;1393;1394;1395;1396;1397;1398;1399;1400;1401;1402;1403,1390,1403,گوشت پرندگان,مواد خوراکی و نوشیدنی\u200cهای غیر الکلی,مواد خوراکی,گوشت,False,False
11235,1390;1391;1392;1393;1394;1395;1396;1397;1398;1399;1400;1401;1402;1403,1390,1403,گوشت پرندگان,مواد خوراکی و نوشیدنی\u200cهای غیر الکلی,مواد خوراکی,گوشت,False,False
11236,1390;1391;1392;1393;1394;1395;1396;1397;1398;1399;1400;1401;1402;1403,1390,1403,گوشت پرندگان,مواد خوراکی و نوشیدنی\u200cهای غیر الکلی,مواد خوراکی,گوشت,False,False
11237,1390;1391;1392;1393;1394;1395;1396;1397;1398;1399;1400;1401;1402;1403,1390,1403,گوشت پرندگان,مواد خوراکی و نوشیدنی\u200cهای غیر الکلی,مواد خوراکی,گوشت,False,False
11238,1390;1391;1392;1393;1394;1395;1396;1397;1398;1399;1400;1401;1402;1403,1390,1403,گوشت پرندگان,مواد خوراکی و نوشیدنی\u200cهای غیر الکلی,مواد خوراکی,گوشت,False,False
11239,1390;1391;1392;1393;1394;1395;1396;1397;1398;1399;1400;1401;1402;1403,1390,1403,گوشت پرندگان,مواد خوراکی و نوشیدنی\u200cهای غیر الکلی,مواد خوراکی,گوشت,False,False
11241,1390;1391;1392;1393;1394;1395;1396;1397;1398;1399;1400;1401;1402;1403,1390,1403,گوشت آماده برای طبخ,مواد خوراکی و نوشیدنی\u200cهای غیر الکلی,مواد خوراکی,گوشت,False,False
11244,1390;1391;1392;1393;1394;1395;1396;1397;1398;1399;1400;1401;1402;1403,1390,1403,گوشت آماده برای طبخ,مواد خوراکی و نوشیدنی\u200cهای غیر الکلی,مواد خوراکی,گوشت,False,False
11247,1390;1391;1392;1393;1394;1395;1396;1397;1398;1399;1400;1401;1402;1403,1390,1403,گوشت آماده برای طبخ,مواد خوراکی و نوشیدنی\u200cهای غیر الکلی,مواد خوراکی,گوشت,False,False
11311,1390;1391;1392;1393;1394;1395;1396;1397;1398;1399;1400;1401;1402;1403,1390,1403,ماهی، میگو و فرآورده\u200cهای آن\u200cها,مواد خوراکی و نوشیدنی\u200cهای غیر الکلی,مواد خوراکی,گوشت,False,False
11312,1390;1391;1392;1393;1394;1395;1396;1397;1398;1399;1400;1401;1402;1403,1390,1403,ماهی، میگو و فرآورده\u200cهای آن\u200cها,مواد خوراکی و نوشیدنی\u200cهای غیر الکلی,مواد خوراکی,گوشت,False,False
11313,1390;1391;1392;1393;1394;1395;1396;1397;1398;1399;1400;1401;1402;1403,1390,1403,ماهی، میگو و فرآورده\u200cهای آن\u200cها,مواد خوراکی و نوشیدنی\u200cهای غیر الکلی,مواد خوراکی,گوشت,False,False
11314,1390;1391;1392;1393;1394;1395;1396;1397;1398;1399;1400;1401;1402;1403,1390,1403,ماهی، میگو و فرآورده\u200cهای آن\u200cها,مواد خوراکی و نوشیدنی\u200cهای غیر الکلی,مواد خوراکی,گوشت,False,False
11315,1390;1391;1392;1393;1394;1395;1396;1397;1398;1399;1400;1401;1402;1403,1390,1403,ماهی، میگو و فرآورده\u200cهای آن\u200cها,مواد خوراکی و نوشیدنی\u200cهای غیر الکلی,مواد خوراکی,گوشت,False,False
11316,1390;1391;1392;1393;1394;1395;1396;1397;1398;1399;1400;1401;1402;1403,1390,1403,ماهی، میگو و فرآورده\u200cهای آن\u200cها,مواد خوراکی و نوشیدنی\u200cهای غیر الکلی,مواد خوراکی,گوشت,False,False
11317,1390;1391;1392;1393;1394;1395;1396;1397;1398;1399;1400;1401;1402;1403,1390,1403,ماهی، میگو و فرآورده\u200cهای آن\u200cها,مواد خوراکی و نوشیدنی\u200cهای غیر الکلی,مواد خوراکی,گوشت,False,False
11318,1390;1391;1392;1393;1394;1395;1396;1397;1398;1399;1400;1401;1402;1403,1390,1403,ماهی، میگو و فرآورده\u200cهای آن\u200cها,مواد خوراکی و نوشیدنی\u200cهای غیر الکلی,مواد خوراکی,گوشت,False,False
11319,1390;1391;1392;1393;1394;1395;1396;1397;1398;1399;1400;1401,1390,1401,ماهی، میگو و فرآورده\u200cهای آن\u200cها,مواد خوراکی و نوشیدنی\u200cهای غیر الکلی,مواد خوراکی,گوشت,False,False
11321,1390;1391;1392;1393;1394;1395;1396;1397;1398;1399;1400;1401;1402;1403,1390,1403,ماهی، میگو و فرآورده\u200cهای آن\u200cها,مواد خوراکی و نوشیدنی\u200cهای غیر الکلی,مواد خوراکی,گوشت,False,False
11411,1390;1391;1392;1393;1394;1395;1396;1397;1398;1399;1400;1401;1402;1403,1390,1403,شیر,مواد خوراکی و نوشیدنی\u200cهای غیر الکلی,مواد خوراکی,شیر و فرآورده\u200cهای آن (به جز کره) و تخم پرندگان,False,False
11412,1390;1391;1392;1393;1394;1395;1396;1397;1398;1399;1400;1401;1402;1403,1390,1403,شیر,مواد خوراکی و نوشیدنی\u200cهای غیر الکلی,مواد خوراکی,شیر و فرآورده\u200cهای آن (به جز کره) و تخم پرندگان,False,False
11413,1390;1391;1392;1393;1394;1395;1396;1397;1398;1399;1400;1401;1402;1403,1390,1403,شیر,مواد خوراکی و نوشیدنی\u200cهای غیر الکلی,مواد خوراکی,شیر و فرآورده\u200cهای آن (به جز کره) و تخم پرندگان,False,False
11414,1390;1391;1392;1393;1394;1395;1396;1397;1398;1399;1400;1401;1402;1403,1390,1403,شیر,مواد خوراکی و نوشیدنی\u200cهای غیر الکلی,مواد خوراکی,شیر و فرآورده\u200cهای آن (به جز کره) و تخم پرندگان,False,False
11421,1390;1391;1392;1393;1394;1395;1396;1397;1398;1399;1400;1401;1402;1403,1390,1403,فراورده\u200cهای شیری (به جز کره),مواد خوراکی و نوشیدنی\u200cهای غیر الکلی,مواد خوراکی,شیر و فرآورده\u200cهای آن (به جز کره) و تخم پرندگان,False,False
11422,1390;1391;1392;1393;1394;1395;1396;1397;1398;1399;1400;1401;1402;1403,1390,1403,فراورده\u200cهای شیری (به جز کره),مواد خوراکی و نوشیدنی\u200cهای غیر الکلی,مواد خوراکی,شیر و فرآورده\u200cهای آن (به جز کره) و تخم پرندگان,False,False
11423,1390;1391;1392;1393;1394;1395;1396;1397;1398;1399;1400;1401;1402;1403,1390,1403,فراورده\u200cهای شیری (به جز کره),مواد خوراکی و نوشیدنی\u200cهای غیر الکلی,مواد خوراکی,شیر و فرآورده\u200cهای آن (به جز کره) و تخم پرندگان,False,False
11424,1390;1391;1392;1393;1394;1395;1396;1397;1398;1399;1400;1401;1402;1403,1390,1403,فراورده\u200cهای شیری (به جز کره),مواد خوراکی و نوشیدنی\u200cهای غیر الکلی,مواد خوراکی,شیر و فرآورده\u200cهای آن (به جز کره) و تخم پرندگان,False,False
11425,1390;1391;1392;1393;1394;1395;1396;1397;1398;1399;1400;1401;1402;1403,1390,1403,فراورده\u200cهای شیری (به جز کره),مواد خوراکی و نوشیدنی\u200cهای غیر الکلی,مواد خوراکی,شیر و فرآورده\u200cهای آن (به جز کره) و تخم پرندگان,False,False
11426,1390;1391;1392;1393;1394;1395;1396;1397;1398;1399;1400;1401;1402;1403,1390,1403,فراورده\u200cهای شیری (به جز کره),مواد خوراکی و نوشیدنی\u200cهای غیر الکلی,مواد خوراکی,شیر و فرآورده\u200cهای آن (به جز کره) و تخم پرندگان,False,False
11427,1390;1391;1392;1393;1394;1395;1396;1397;1398;1399;1400;1401;1402;1403,1390,1403,فراورده\u200cهای شیری (به جز کره),مواد خوراکی و نوشیدنی\u200cهای غیر الکلی,مواد خوراکی,شیر و فرآورده\u200cهای آن (به جز کره) و تخم پرندگان,False,False
11428,1390;1391;1392;1393;1394;1395;1396;1397;1398;1399;1400;1401;1402;1403,1390,1403,فراورده\u200cهای شیری (به جز کره),مواد خوراکی و نوشیدنی\u200cهای غیر الکلی,مواد خوراکی,شیر و فرآورده\u200cهای آن (به جز کره) و تخم پرندگان,False,False
11429,1390;1391;1392;1393;1394;1395;1396;1397;1398;1399;1400;1401;1402;1403,1390,1403,فراورده\u200cهای شیری (به جز کره),مواد خوراکی و نوشیدنی\u200cهای غیر الکلی,مواد خوراکی,شیر و فرآورده\u200cهای آن (به جز کره) و تخم پرندگان,False,False
11431,1390;1391;1392;1393;1394;1395;1396;1397;1398;1399;1400;1401;1402;1403,1390,1403,فراورده\u200cهای شیری (به جز کره),مواد خوراکی و نوشیدنی\u200cهای غیر الکلی,مواد خوراکی,شیر و فرآورده\u200cهای آن (به جز کره) و تخم پرندگان,False,False
11432,1390;1391;1392;1393;1394;1395;1396;1397;1398;1399;1400;1401;1402;1403,1390,1403,فراورده\u200cهای شیری (به جز کره),مواد خوراکی و نوشیدنی\u200cهای غیر الکلی,مواد خوراکی,شیر و فرآورده\u200cهای آن (به جز کره) و تخم پرندگان,False,False
11433,1390;1391;1392;1393;1394;1395;1396;1397;1398;1399;1400;1401;1402;1403,1390,1403,فراورده\u200cهای شیری (به جز کره),مواد خوراکی و نوشیدنی\u200cهای غیر الکلی,مواد خوراکی,شیر و فرآورده\u200cهای آن (به جز کره) و تخم پرندگان,False,False
11434,1390;1391;1392;1393;1394;1395;1396;1397;1398;1399;1400;1401;1402;1403,1390,1403,فراورده\u200cهای شیری (به جز کره),مواد خوراکی و نوشیدنی\u200cهای غیر الکلی,مواد خوراکی,شیر و فرآورده\u200cهای آن (به جز کره) و تخم پرندگان,False,False
11441,1390;1391;1392;1393;1394;1395;1396;1397;1398;1399;1400;1401;1402;1403,1390,1403,تخم پرندگان,مواد خوراکی و نوشیدنی\u200cهای غیر الکلی,مواد خوراکی,شیر و فرآورده\u200cهای آن (به جز کره) و تخم پرندگان,False,False
11442,1390;1391;1392;1393;1394;1395;1396;1397;1398;1399;1400;1401;1402;1403,1390,1403,تخم پرندگان,مواد خوراکی و نوشیدنی\u200cهای غیر الکلی,مواد خوراکی,شیر و فرآورده\u200cهای آن (به جز کره) و تخم پرندگان,False,False
11443,1390;1391;1392;1393;1394;1395;1396;1397;1398;1399;1400;1401;1402;1403,1390,1403,تخم پرندگان,مواد خوراکی و نوشیدنی\u200cهای غیر الکلی,مواد خوراکی,شیر و فرآورده\u200cهای آن (به جز کره) و تخم پرندگان,False,False
11511,1390;1391;1392;1393;1394;1395;1396;1397;1398;1399;1400;1401;1402;1403,1390,1403,روغن\u200cها و چربی\u200cهای حیوانی (به جز کره),مواد خوراکی و نوشیدنی\u200cهای غیر الکلی,مواد خوراکی,روغن\u200cها، چربی\u200cها و کره,False,False
11512,1390;1391;1392;1393;1394;1395;1396;1397;1398;1399;1400;1401;1402;1403,1390,1403,روغن\u200cها و چربی\u200cهای حیوانی (به جز کره),مواد خوراکی و نوشیدنی\u200cهای غیر الکلی,مواد خوراکی,روغن\u200cها، چربی\u200cها و کره,False,False
11521,1390;1391;1392;1393;1394;1395;1396;1397;1398;1399;1400;1401;1402;1403,1390,1403,انواع کره,مواد خوراکی و نوشیدنی\u200cهای غیر الکلی,مواد خوراکی,روغن\u200cها، چربی\u200cها و کره,False,False
11522,1390;1391;1392;1393;1394;1395;1396;1397;1398;1399;1400;1401;1402;1403,1390,1403,انواع کره,مواد خوراکی و نوشیدنی\u200cهای غیر الکلی,مواد خوراکی,روغن\u200cها، چربی\u200cها و کره,False,False
11523,1390;1391;1392;1393;1394;1395;1396;1397;1398;1399;1400;1401;1402;1403,1390,1403,انواع کره,مواد خوراکی و نوشیدنی\u200cهای غیر الکلی,مواد خوراکی,روغن\u200cها، چربی\u200cها و کره,False,False
11531,1390;1391;1392;1393;1394;1395;1396;1397;1398;1399;1400;1401;1402;1403,1390,1403,روغن\u200cهای نباتی,مواد خوراکی و نوشیدنی\u200cهای غیر الکلی,مواد خوراکی,روغن\u200cها، چربی\u200cها و کره,False,False
11532,1390;1391;1392;1393;1394;1395;1396;1397;1398;1399;1400;1401;1402;1403,1390,1403,روغن\u200cهای نباتی,مواد خوراکی و نوشیدنی\u200cهای غیر الکلی,مواد خوراکی,روغن\u200cها، چربی\u200cها و کره,False,False
11533,1390;1391;1392;1393;1394;1395;1396;1397;1398;1399;1400;1401;1402;1403,1390,1403,روغن\u200cهای نباتی,مواد خوراکی و نوشیدنی\u200cهای غیر الکلی,مواد خوراکی,روغن\u200cها، چربی\u200cها و کره,False,False
11611,1390;1391;1392;1393;1394;1395;1396;1397;1398;1399;1400;1401;1402;1403,1390,1403,میوه\u200cهای درختی,مواد خوراکی و نوشیدنی\u200cهای غیر الکلی,مواد خوراکی,میوه\u200cها و خشکبار,False,False
11612,1390;1391;1392;1393;1394;1395;1396;1397;1398;1399;1400;1401;1402;1403,1390,1403,میوه\u200cهای درختی,مواد خوراکی و نوشیدنی\u200cهای غیر الکلی,مواد خوراکی,میوه\u200cها و خشکبار,False,False
11613,1390;1391;1392;1393;1394;1395;1396;1397;1398;1399;1400;1401;1402;1403,1390,1403,میوه\u200cهای درختی,مواد خوراکی و نوشیدنی\u200cهای غیر الکلی,مواد خوراکی,میوه\u200cها و خشکبار,False,False
11614,1390;1391;1392;1393;1394;1395;1396;1397;1398;1399;1400;1401;1402;1403,1390,1403,میوه\u200cهای درختی,مواد خوراکی و نوشیدنی\u200cهای غیر الکلی,مواد خوراکی,میوه\u200cها و خشکبار,False,False
11615,1390;1391;1392;1393;1394;1395;1396;1397;1398;1399;1400;1401;1402;1403,1390,1403,میوه\u200cهای درختی,مواد خوراکی و نوشیدنی\u200cهای غیر الکلی,مواد خوراکی,میوه\u200cها و خشکبار,False,False
11616,1390;1391;1392;1393;1394;1395;1396;1397;1398;1399;1400;1401;1402;1403,1390,1403,میوه\u200cهای درختی,مواد خوراکی و نوشیدنی\u200cهای غیر الکلی,مواد خوراکی,میوه\u200cها و خشکبار,False,False
11617,1390;1391;1392;1393;1394;1395;1396;1397;1398;1399;1400;1401;1402;1403,1390,1403,میوه\u200cهای درختی,مواد خوراکی و نوشیدنی\u200cهای غیر الکلی,مواد خوراکی,میوه\u200cها و خشکبار,False,False
11618,1390;1391;1392;1393;1394;1395;1396;1397;1398;1399;1400;1401;1402;1403,1390,1403,میوه\u200cهای درختی,مواد خوراکی و نوشیدنی\u200cهای غیر الکلی,مواد خوراکی,میوه\u200cها و خشکبار,False,False
11619,1390;1391;1392;1393;1394;1395;1396;1397;1398;1399;1400;1401;1402;1403,1390,1403,میوه\u200cهای درختی,مواد خوراکی و نوشیدنی\u200cهای غیر الکلی,مواد خوراکی,میوه\u200cها و خشکبار,False,False
11621,1390;1391;1392;1393;1394;1395;1396;1397;1398;1399;1400;1401;1402;1403,1390,1403,میوه\u200cهای درختی,مواد خوراکی و نوشیدنی\u200cهای غیر الکلی,مواد خوراکی,میوه\u200cها و خشکبار,False,False
11622,1390;1391;1392;1393;1394;1395;1396;1397;1398;1399;1400;1401;1402;1403,1390,1403,میوه\u200cهای درختی,مواد خوراکی و نوشیدنی\u200cهای غیر الکلی,مواد خوراکی,میوه\u200cها و خشکبار,False,False
11623,1390;1391;1392;1393;1394;1395;1396;1397;1398;1399;1400;1401;1402;1403,1390,1403,میوه\u200cهای درختی,مواد خوراکی و نوشیدنی\u200cهای غیر الکلی,مواد خوراکی,میوه\u200cها و خشکبار,False,False
11624,1390;1391;1392;1393;1394;1395;1396;1397;1398;1399;1400;1401;1402;1403,1390,1403,میوه\u200cهای درختی,مواد خوراکی و نوشیدنی\u200cهای غیر الکلی,مواد خوراکی,میوه\u200cها و خشکبار,False,False
11625,1390;1391;1392;1393;1394;1395;1396;1397;1398;1399;1400;1401;1402;1403,1390,1403,میوه\u200cهای درختی,مواد خوراکی و نوشیدنی\u200cهای غیر الکلی,مواد خوراکی,میوه\u200cها و خشکبار,False,False
11631,1390;1391;1392;1393;1394;1395;1396;1397;1398;1399;1400;1401;1402;1403,1390,1403,میوه\u200cهای درختی,مواد خوراکی و نوشیدنی\u200cهای غیر الکلی,مواد خوراکی,میوه\u200cها و خشکبار,False,False
11632,1390;1391;1392;1393;1394;1395;1396;1397;1398;1399;1400;1401;1402;1403,1390,1403,میوه\u200cهای درختی,مواد خوراکی و نوشیدنی\u200cهای غیر الکلی,مواد خوراکی,میوه\u200cها و خشکبار,False,False
11633,1390;1391;1392;1393;1394;1395;1396;1397;1398;1399;1400;1401;1402;1403,1390,1403,میوه\u200cهای درختی,مواد خوراکی و نوشیدنی\u200cهای غیر الکلی,مواد خوراکی,میوه\u200cها و خشکبار,False,False
11634,1390;1391;1392;1393;1394;1395;1396;1397;1398;1399;1400;1401;1402;1403,1390,1403,میوه\u200cهای درختی,مواد خوراکی و نوشیدنی\u200cهای غیر الکلی,مواد خوراکی,میوه\u200cها و خشکبار,False,False
11635,1390;1391;1392;1393;1394;1395;1396;1397;1398;1399;1400;1401;1402;1403,1390,1403,میوه\u200cهای درختی,مواد خوراکی و نوشیدنی\u200cهای غیر الکلی,مواد خوراکی,میوه\u200cها و خشکبار,False,False
11641,1390;1391;1392;1393;1394;1395;1396;1397;1398;1399;1400;1401;1402;1403,1390,1403,میوه\u200cهای جالیزی,مواد خوراکی و نوشیدنی\u200cهای غیر الکلی,مواد خوراکی,میوه\u200cها و خشکبار,False,False
11642,1390;1391;1392;1393;1394;1395;1396;1397;1398;1399;1400;1401;1402;1403,1390,1403,میوه\u200cهای جالیزی,مواد خوراکی و نوشیدنی\u200cهای غیر الکلی,مواد خوراکی,میوه\u200cها و خشکبار,False,False
11643,1390;1391;1392;1393;1394;1395;1396;1397;1398;1399;1400;1401;1402;1403,1390,1403,میوه\u200cهای جالیزی,مواد خوراکی و نوشیدنی\u200cهای غیر الکلی,مواد خوراکی,میوه\u200cها و خشکبار,False,False
11651,1390;1391;1392;1393;1394;1395;1396;1397;1398;1399;1400;1401;1402;1403,1390,1403,خشکبار,مواد خوراکی و نوشیدنی\u200cهای غیر الکلی,مواد خوراکی,میوه\u200cها و خشکبار,False,False
11652,1390;1391;1392;1393;1394;1395;1396;1397;1398;1399;1400;1401;1402;1403,1390,1403,خشکبار,مواد خوراکی و نوشیدنی\u200cهای غیر الکلی,مواد خوراکی,میوه\u200cها و خشکبار,False,False
11653,1390;1391;1392;1393;1394;1395;1396;1397;1398;1399;1400;1401;1402;1403,1390,1403,خشکبار,مواد خوراکی و نوشیدنی\u200cهای غیر الکلی,مواد خوراکی,میوه\u200cها و خشکبار,False,False
11654,1390;1391;1392;1393;1394;1395;1396;1397;1398;1399;1400;1401;1402;1403,1390,1403,خشکبار,مواد خوراکی و نوشیدنی\u200cهای غیر الکلی,مواد خوراکی,میوه\u200cها و خشکبار,False,False
11655,1390;1391;1392;1393;1394;1395;1396;1397;1398;1399;1400;1401;1402;1403,1390,1403,خشکبار,مواد خوراکی و نوشیدنی\u200cهای غیر الکلی,مواد خوراکی,میوه\u200cها و خشکبار,False,False
11656,1390;1391;1392;1393;1394;1395;1396;1397;1398;1399;1400;1401;1402;1403,1390,1403,خشکبار,مواد خوراکی و نوشیدنی\u200cهای غیر الکلی,مواد خوراکی,میوه\u200cها و خشکبار,False,False
11657,1390;1391;1392;1393;1394;1395;1396;1397;1398;1399;1400;1401;1402;1403,1390,1403,خشکبار,مواد خوراکی و نوشیدنی\u200cهای غیر الکلی,مواد خوراکی,میوه\u200cها و خشکبار,False,False
11658,1390;1391;1392;1393;1394;1395;1396;1397;1398;1399;1400;1401;1402;1403,1390,1403,خشکبار,مواد خوراکی و نوشیدنی\u200cهای غیر الکلی,مواد خوراکی,میوه\u200cها و خشکبار,False,False
11659,1390;1391;1392;1393;1394;1395;1396;1397;1398;1399;1400;1401;1402;1403,1390,1403,خشکبار,مواد خوراکی و نوشیدنی\u200cهای غیر الکلی,مواد خوراکی,میوه\u200cها و خشکبار,False,False
11661,1390;1391;1392;1393;1394;1395;1396;1397;1398;1399;1400;1401;1402;1403,1390,1403,خشکبار,مواد خوراکی و نوشیدنی\u200cهای غیر الکلی,مواد خوراکی,میوه\u200cها و خشکبار,False,False
11662,1390;1391;1392;1393;1394;1395;1396;1397;1398;1399;1400;1401;1402;1403,1390,1403,خشکبار,مواد خوراکی و نوشیدنی\u200cهای غیر الکلی,مواد خوراکی,میوه\u200cها و خشکبار,False,False
11663,1390;1391;1392;1393;1394;1395;1396;1397;1398;1399;1400;1401;1402;1403,1390,1403,خشکبار,مواد خوراکی و نوشیدنی\u200cهای غیر الکلی,مواد خوراکی,میوه\u200cها و خشکبار,False,False
11664,1390;1391;1392;1393;1394;1395;1396;1397;1398;1399;1400;1401;1402;1403,1390,1403,خشکبار,مواد خوراکی و نوشیدنی\u200cهای غیر الکلی,مواد خوراکی,میوه\u200cها و خشکبار,False,False
11665,1390;1391;1392;1393;1394;1395;1396;1397;1398;1399;1400;1401;1402;1403,1390,1403,خشکبار,مواد خوراکی و نوشیدنی\u200cهای غیر الکلی,مواد خوراکی,میوه\u200cها و خشکبار,False,False
11666,1390;1391;1392;1393;1394;1395;1396;1397;1398;1399;1400;1401;1402;1403,1390,1403,خشکبار,مواد خوراکی و نوشیدنی\u200cهای غیر الکلی,مواد خوراکی,میوه\u200cها و خشکبار,False,False
11667,1390;1391;1392;1393;1394;1395;1396;1397;1398;1399;1400;1401;1402;1403,1390,1403,خشکبار,مواد خوراکی و نوشیدنی\u200cهای غیر الکلی,مواد خوراکی,میوه\u200cها و خشکبار,False,False
11668,1390;1391;1392;1393;1394;1395;1396;1397;1398;1399;1400;1401;1402;1403,1390,1403,خشکبار,مواد خوراکی و نوشیدنی\u200cهای غیر الکلی,مواد خوراکی,میوه\u200cها و خشکبار,False,False
11669,1390;1391;1392;1393;1394;1395;1396;1397;1398;1399;1400;1401;1402;1403,1390,1403,خشکبار,مواد خوراکی و نوشیدنی\u200cهای غیر الکلی,مواد خوراکی,میوه\u200cها و خشکبار,False,False
11711,1390;1391;1392;1393;1394;1395;1396;1397;1398;1399;1400;1401;1402;1403,1390,1403,سبزی\u200cهای برگی,مواد خوراکی و نوشیدنی\u200cهای غیر الکلی,مواد خوراکی,سبزی\u200cها و حبوبات,False,False
11712,1390;1391;1392;1393;1394;1395;1396;1397;1398;1399;1400;1401;1402;1403,1390,1403,سبزی\u200cهای برگی,مواد خوراکی و نوشیدنی\u200cهای غیر الکلی,مواد خوراکی,سبزی\u200cها و حبوبات,False,False
11713,1390;1391;1392;1393;1394;1395;1396;1397;1398;1399;1400;1401;1402;1403,1390,1403,سبزی\u200cهای برگی,مواد خوراکی و نوشیدنی\u200cهای غیر الکلی,مواد خوراکی,سبزی\u200cها و حبوبات,False,False
11714,1390;1391;1392;1393;1394;1395;1396;1397;1398;1399;1400;1401;1402;1403,1390,1403,سبزی\u200cهای برگی,مواد خوراکی و نوشیدنی\u200cهای غیر الکلی,مواد خوراکی,سبزی\u200cها و حبوبات,False,False
11715,1390;1391;1392;1393;1394;1395;1396;1397;1398;1399;1400;1401;1402;1403,1390,1403,سبزی\u200cهای برگی,مواد خوراکی و نوشیدنی\u200cهای غیر الکلی,مواد خوراکی,سبزی\u200cها و حبوبات,False,False
11716,1390;1391;1392;1393;1394;1395;1396;1397;1398;1399;1400;1401;1402;1403,1390,1403,سبزی\u200cهای برگی,مواد خوراکی و نوشیدنی\u200cهای غیر الکلی,مواد خوراکی,سبزی\u200cها و حبوبات,False,False
11721,1390;1391;1392;1393;1394;1395;1396;1397;1398;1399;1400;1401;1402;1403,1390,1403,سبزی\u200cهای بوته\u200cای,مواد خوراکی و نوشیدنی\u200cهای غیر الکلی,مواد خوراکی,سبزی\u200cها و حبوبات,False,False
11722,1390;1391;1392;1393;1394;1395;1396;1397;1398;1399;1400;1401;1402;1403,1390,1403,سبزی\u200cهای بوته\u200cای,مواد خوراکی و نوشیدنی\u200cهای غیر الکلی,مواد خوراکی,سبزی\u200cها و حبوبات,False,False
11723,1390;1391;1392;1393;1394;1395;1396;1397;1398;1399;1400;1401;1402;1403,1390,1403,سبزی\u200cهای بوته\u200cای,مواد خوراکی و نوشیدنی\u200cهای غیر الکلی,مواد خوراکی,سبزی\u200cها و حبوبات,False,False
11724,1390;1391;1392;1393;1394;1395;1396;1397;1398;1399;1400;1401;1402;1403,1390,1403,سبزی\u200cهای بوته\u200cای,مواد خوراکی و نوشیدنی\u200cهای غیر الکلی,مواد خوراکی,سبزی\u200cها و حبوبات,False,False
11725,1390;1391;1392;1393;1394;1395;1396;1397;1398;1399;1400;1401;1402;1403,1390,1403,سبزی\u200cهای بوته\u200cای,مواد خوراکی و نوشیدنی\u200cهای غیر الکلی,مواد خوراکی,سبزی\u200cها و حبوبات,False,False
11726,1390;1391;1392;1393;1394;1395;1396;1397;1398;1399;1400;1401;1402;1403,1390,1403,سبزی\u200cهای بوته\u200cای,مواد خوراکی و نوشیدنی\u200cهای غیر الکلی,مواد خوراکی,سبزی\u200cها و حبوبات,False,False
11727,1390;1391;1392;1393;1394;1395;1396;1397;1398;1399;1400;1401;1402;1403,1390,1403,سبزی\u200cهای بوته\u200cای,مواد خوراکی و نوشیدنی\u200cهای غیر الکلی,مواد خوراکی,سبزی\u200cها و حبوبات,False,False
11731,1390;1391;1392;1393;1394;1395;1396;1397;1398;1399;1400;1401;1402;1403,1390,1403,سبزی\u200cهای ریشه\u200cای,مواد خوراکی و نوشیدنی\u200cهای غیر الکلی,مواد خوراکی,سبزی\u200cها و حبوبات,False,False
11732,1390;1391;1392;1393;1394;1395;1396;1397;1398;1399;1400;1401;1402;1403,1390,1403,سبزی\u200cهای ریشه\u200cای,مواد خوراکی و نوشیدنی\u200cهای غیر الکلی,مواد خوراکی,سبزی\u200cها و حبوبات,False,False
11733,1390;1391;1392;1393;1394;1395;1396;1397;1398;1399;1400;1401;1402;1403,1390,1403,سبزی\u200cهای ریشه\u200cای,مواد خوراکی و نوشیدنی\u200cهای غیر الکلی,مواد خوراکی,سبزی\u200cها و حبوبات,False,False
11734,1390;1391;1392;1393;1394;1395;1396;1397;1398;1399;1400;1401;1402;1403,1390,1403,سبزی\u200cهای ریشه\u200cای,مواد خوراکی و نوشیدنی\u200cهای غیر الکلی,مواد خوراکی,سبزی\u200cها و حبوبات,False,False
11735,1390;1391;1392;1393;1394;1395;1396;1397;1398;1399;1400;1401;1402;1403,1390,1403,سبزی\u200cهای ریشه\u200cای,مواد خوراکی و نوشیدنی\u200cهای غیر الکلی,مواد خوراکی,سبزی\u200cها و حبوبات,False,False
11741,1390;1391;1392;1393;1394;1395;1396;1397;1398;1399;1400;1401;1402;1403,1390,1403,سایر انواع سبزی,مواد خوراکی و نوشیدنی\u200cهای غیر الکلی,مواد خوراکی,سبزی\u200cها و حبوبات,False,False
11742,1390;1391;1392;1393;1394;1395;1396;1397;1398;1399;1400;1401;1402;1403,1390,1403,سایر انواع سبزی,مواد خوراکی و نوشیدنی\u200cهای غیر الکلی,مواد خوراکی,سبزی\u200cها و حبوبات,False,False
11751,1390;1391;1392;1393;1394;1395;1396;1397;1398;1399;1400;1401;1402;1403,1390,1403,سبزی\u200cهای آماده بسته\u200cبندی شده,مواد خوراکی و نوشیدنی\u200cهای غیر الکلی,مواد خوراکی,سبزی\u200cها و حبوبات,False,False
11752,1390;1391;1392;1393;1394;1395;1396;1397;1398;1399;1400;1401;1402;1403,1390,1403,سبزی\u200cهای آماده بسته\u200cبندی شده,مواد خوراکی و نوشیدنی\u200cهای غیر الکلی,مواد خوراکی,سبزی\u200cها و حبوبات,False,False
11753,1390;1391;1392;1393;1394;1395;1396;1397;1398;1399;1400;1401;1402;1403,1390,1403,سبزی\u200cهای آماده بسته\u200cبندی شده,مواد خوراکی و نوشیدنی\u200cهای غیر الکلی,مواد خوراکی,سبزی\u200cها و حبوبات,False,False
11754,1390;1391;1392;1393;1394;1395;1396;1397;1398;1399;1400;1401;1402;1403,1390,1403,سبزی\u200cهای آماده بسته\u200cبندی شده,مواد خوراکی و نوشیدنی\u200cهای غیر الکلی,مواد خوراکی,سبزی\u200cها و حبوبات,False,False
11761,1390;1391;1392;1393;1394;1395;1396;1397;1398;1399;1400;1401;1402;1403,1390,1403,حبوب,مواد خوراکی و نوشیدنی\u200cهای غیر الکلی,مواد خوراکی,سبزی\u200cها و حبوبات,False,False
11762,1390;1391;1392;1393;1394;1395;1396;1397;1398;1399;1400;1401;1402;1403,1390,1403,حبوب,مواد خوراکی و نوشیدنی\u200cهای غیر الکلی,مواد خوراکی,سبزی\u200cها و حبوبات,False,False
11763,1390;1391;1392;1393;1394;1395;1396;1397;1398;1399;1400;1401;1402;1403,1390,1403,حبوب,مواد خوراکی و نوشیدنی\u200cهای غیر الکلی,مواد خوراکی,سبزی\u200cها و حبوبات,False,False
11764,1390;1391;1392;1393;1394;1395;1396;1397;1398;1399;1400;1401;1402;1403,1390,1403,حبوب,مواد خوراکی و نوشیدنی\u200cهای غیر الکلی,مواد خوراکی,سبزی\u200cها و حبوبات,False,False
11765,1390;1391;1392;1393;1394;1395;1396;1397;1398;1399;1400;1401;1402;1403,1390,1403,حبوب,مواد خوراکی و نوشیدنی\u200cهای غیر الکلی,مواد خوراکی,سبزی\u200cها و حبوبات,False,False
11766,1390;1391;1392;1393;1394;1395;1396;1397;1398;1399;1400;1401;1402;1403,1390,1403,حبوب,مواد خوراکی و نوشیدنی\u200cهای غیر الکلی,مواد خوراکی,سبزی\u200cها و حبوبات,False,False
11767,1390;1391;1392;1393;1394;1395;1396;1397;1398;1399;1400;1401;1402;1403,1390,1403,حبوب,مواد خوراکی و نوشیدنی\u200cهای غیر الکلی,مواد خوراکی,سبزی\u200cها و حبوبات,False,False
11768,1390;1391;1392;1393;1394;1395;1396;1397;1398;1399;1400;1401;1402;1403,1390,1403,حبوب,مواد خوراکی و نوشیدنی\u200cهای غیر الکلی,مواد خوراکی,سبزی\u200cها و حبوبات,False,False
11769,1390;1391;1392;1393;1394;1395;1396;1397;1398;1399;1400;1401;1402;1403,1390,1403,حبوب,مواد خوراکی و نوشیدنی\u200cهای غیر الکلی,مواد خوراکی,سبزی\u200cها و حبوبات,False,False
11811,1390;1391;1392;1393;1394;1395;1396;1397;1398;1399;1400;1401;1402;1403,1390,1403,قند و شکر,مواد خوراکی و نوشیدنی\u200cهای غیر الکلی,مواد خوراکی,قند و شکر، مرباها و شیرینی\u200cها,False,False
11812,1390;1391;1392;1393;1394;1395;1396;1397;1398;1399;1400;1401;1402;1403,1390,1403,قند و شکر,مواد خوراکی و نوشیدنی\u200cهای غیر الکلی,مواد خوراکی,قند و شکر، مرباها و شیرینی\u200cها,False,False
11821,1390;1391;1392;1393;1394;1395;1396;1397;1398;1399;1400;1401;1402;1403,1390,1403,مرباها و شیرینی\u200cها,مواد خوراکی و نوشیدنی\u200cهای غیر الکلی,مواد خوراکی,قند و شکر، مرباها و شیرینی\u200cها,False,False
11822,1390;1391;1392;1393;1394;1395;1396;1397;1398;1399;1400;1401;1402;1403,1390,1403,مرباها و شیرینی\u200cها,مواد خوراکی و نوشیدنی\u200cهای غیر الکلی,مواد خوراکی,قند و شکر، مرباها و شیرینی\u200cها,False,False
11823,1390;1391;1392;1393;1394;1395;1396;1397;1398;1399;1400;1401;1402;1403,1390,1403,مرباها و شیرینی\u200cها,مواد خوراکی و نوشیدنی\u200cهای غیر الکلی,مواد خوراکی,قند و شکر، مرباها و شیرینی\u200cها,False,False
11831,1390;1391;1392;1393;1394;1395;1396;1397;1398;1399;1400;1401;1402;1403,1390,1403,مرباها و شیرینی\u200cها,مواد خوراکی و نوشیدنی\u200cهای غیر الکلی,مواد خوراکی,قند و شکر، مرباها و شیرینی\u200cها,False,False
11832,1390;1391;1392;1393;1394;1395;1396;1397;1398;1399;1400;1401;1402;1403,1390,1403,مرباها و شیرینی\u200cها,مواد خوراکی و نوشیدنی\u200cهای غیر الکلی,مواد خوراکی,قند و شکر، مرباها و شیرینی\u200cها,False,False
11833,1390;1391;1392;1393;1394;1395;1396;1397;1398;1399;1400;1401;1402;1403,1390,1403,مرباها و شیرینی\u200cها,مواد خوراکی و نوشیدنی\u200cهای غیر الکلی,مواد خوراکی,قند و شکر، مرباها و شیرینی\u200cها,False,False
11834,1390;1391;1392;1393;1394;1395;1396;1397;1398;1399;1400;1401;1402;1403,1390,1403,مرباها و شیرینی\u200cها,مواد خوراکی و نوشیدنی\u200cهای غیر الکلی,مواد خوراکی,قند و شکر، مرباها و شیرینی\u200cها,False,False
11835,1390;1391;1392;1393;1394;1395;1396;1397;1398;1399;1400;1401;1402;1403,1390,1403,مرباها و شیرینی\u200cها,مواد خوراکی و نوشیدنی\u200cهای غیر الکلی,مواد خوراکی,قند و شکر، مرباها و شیرینی\u200cها,False,False
11838,1390;1391;1392;1393;1394;1395;1396;1397;1398;1399;1400;1401;1402;1403,1390,1403,مرباها و شیرینی\u200cها,مواد خوراکی و نوشیدنی\u200cهای غیر الکلی,مواد خوراکی,قند و شکر، مرباها و شیرینی\u200cها,False,False
11839,1390;1391;1392;1393;1394;1395;1396;1397;1398;1399;1400;1401;1402;1403,1390,1403,مرباها و شیرینی\u200cها,مواد خوراکی و نوشیدنی\u200cهای غیر الکلی,مواد خوراکی,قند و شکر، مرباها و شیرینی\u200cها,False,False
11841,1390;1391;1392;1393;1394;1395;1396;1397;1398;1399;1400;1401;1402;1403,1390,1403,مرباها و شیرینی\u200cها,مواد خوراکی و نوشیدنی\u200cهای غیر الکلی,مواد خوراکی,قند و شکر، مرباها و شیرینی\u200cها,False,False
11842,1390;1391;1392;1393;1394;1395;1396;1397;1398;1399;1400;1401;1402;1403,1390,1403,مرباها و شیرینی\u200cها,مواد خوراکی و نوشیدنی\u200cهای غیر الکلی,مواد خوراکی,قند و شکر، مرباها و شیرینی\u200cها,False,False
11843,1390;1391;1392;1393;1394;1395;1396;1397;1398;1399;1400;1401;1402;1403,1390,1403,مرباها و شیرینی\u200cها,مواد خوراکی و نوشیدنی\u200cهای غیر الکلی,مواد خوراکی,قند و شکر، مرباها و شیرینی\u200cها,False,False
11844,1390;1391;1392;1393;1394;1395;1396;1397;1398;1399;1400;1401;1402;1403,1390,1403,مرباها و شیرینی\u200cها,مواد خوراکی و نوشیدنی\u200cهای غیر الکلی,مواد خوراکی,قند و شکر، مرباها و شیرینی\u200cها,False,False
11845,1390;1391;1392;1393;1394;1395;1396;1397;1398;1399;1400;1401;1402;1403,1390,1403,مرباها و شیرینی\u200cها,مواد خوراکی و نوشیدنی\u200cهای غیر الکلی,مواد خوراکی,قند و شکر، مرباها و شیرینی\u200cها,False,False
11911,1390;1391;1392;1393;1394;1395;1396;1397;1398;1399;1400;1401;1402;1403,1390,1403,انواع ادویه,مواد خوراکی و نوشیدنی\u200cهای غیر الکلی,مواد خوراکی,ادویه\u200cها، چاشنی\u200cها و سایر ترکیبات خوراکی,False,False
11912,1390;1391;1392;1393;1394;1395;1396;1397;1398;1399;1400;1401;1402;1403,1390,1403,انواع ادویه,مواد خوراکی و نوشیدنی\u200cهای غیر الکلی,مواد خوراکی,ادویه\u200cها، چاشنی\u200cها و سایر ترکیبات خوراکی,False,False
11913,1390;1391;1392;1393;1394;1395;1396;1397;1398;1399;1400;1401;1402;1403,1390,1403,انواع ادویه,مواد خوراکی و نوشیدنی\u200cهای غیر الکلی,مواد خوراکی,ادویه\u200cها، چاشنی\u200cها و سایر ترکیبات خوراکی,False,False
11914,1390;1391;1392;1393;1394;1395;1396;1397;1398;1399;1400;1401;1402;1403,1390,1403,انواع ادویه,مواد خوراکی و نوشیدنی\u200cهای غیر الکلی,مواد خوراکی,ادویه\u200cها، چاشنی\u200cها و سایر ترکیبات خوراکی,False,False
11915,1390;1391;1392;1393;1394;1395;1396;1397;1398;1399;1400;1401;1402;1403,1390,1403,انواع ادویه,مواد خوراکی و نوشیدنی\u200cهای غیر الکلی,مواد خوراکی,ادویه\u200cها، چاشنی\u200cها و سایر ترکیبات خوراکی,False,False
11916,1390;1391;1392;1393;1394;1395;1396;1397;1398;1399;1400;1401;1402;1403,1390,1403,انواع ادویه,مواد خوراکی و نوشیدنی\u200cهای غیر الکلی,مواد خوراکی,ادویه\u200cها، چاشنی\u200cها و سایر ترکیبات خوراکی,False,False
11917,1390;1391;1392;1393;1394;1395;1396;1397;1398;1399;1400;1401;1402;1403,1390,1403,انواع ادویه,مواد خوراکی و نوشیدنی\u200cهای غیر الکلی,مواد خوراکی,ادویه\u200cها، چاشنی\u200cها و سایر ترکیبات خوراکی,False,False
11918,1390;1391;1392;1393;1394;1395;1396;1397;1398;1399;1400;1401;1402;1403,1390,1403,انواع ادویه,مواد خوراکی و نوشیدنی\u200cهای غیر الکلی,مواد خوراکی,ادویه\u200cها، چاشنی\u200cها و سایر ترکیبات خوراکی,False,False
11919,1390;1391;1392;1393;1394;1395;1396;1397;1398;1399;1400;1401;1402;1403,1390,1403,انواع ادویه,مواد خوراکی و نوشیدنی\u200cهای غیر الکلی,مواد خوراکی,ادویه\u200cها، چاشنی\u200cها و سایر ترکیبات خوراکی,False,False
11921,1390;1391;1392;1393;1394;1395;1396;1397;1398;1399;1400;1401;1402;1403,1390,1403,چاشنی\u200cها و سایر ترکیب\u200cهای خوراکی,مواد خوراکی و نوشیدنی\u200cهای غیر الکلی,مواد خوراکی,ادویه\u200cها، چاشنی\u200cها و سایر ترکیبات خوراکی,False,False
11922,1390;1391;1392;1393;1394;1395;1396;1397;1398;1399;1400;1401;1402;1403,1390,1403,چاشنی\u200cها و سایر ترکیب\u200cهای خوراکی,مواد خوراکی و نوشیدنی\u200cهای غیر الکلی,مواد خوراکی,ادویه\u200cها، چاشنی\u200cها و سایر ترکیبات خوراکی,False,False
11923,1390;1391;1392;1393;1394;1395;1396;1397;1398;1399;1400;1401;1402;1403,1390,1403,چاشنی\u200cها و سایر ترکیب\u200cهای خوراکی,مواد خوراکی و نوشیدنی\u200cهای غیر الکلی,مواد خوراکی,ادویه\u200cها، چاشنی\u200cها و سایر ترکیبات خوراکی,False,False
11924,1390;1391;1392;1393;1394;1395;1396;1397;1398;1399;1400;1401;1402;1403,1390,1403,چاشنی\u200cها و سایر ترکیب\u200cهای خوراکی,مواد خوراکی و نوشیدنی\u200cهای غیر الکلی,مواد خوراکی,ادویه\u200cها، چاشنی\u200cها و سایر ترکیبات خوراکی,False,False
11925,1390;1391;1392;1393;1394;1395;1396;1397;1398;1399;1400;1401;1402;1403,1390,1403,چاشنی\u200cها و سایر ترکیب\u200cهای خوراکی,مواد خوراکی و نوشیدنی\u200cهای غیر الکلی,مواد خوراکی,ادویه\u200cها، چاشنی\u200cها و سایر ترکیبات خوراکی,False,False
11926,1390;1391;1392;1393;1394;1395;1396;1397;1398;1399;1400;1401;1402;1403,1390,1403,چاشنی\u200cها و سایر ترکیب\u200cهای خوراکی,مواد خوراکی و نوشیدنی\u200cهای غیر الکلی,مواد خوراکی,ادویه\u200cها، چاشنی\u200cها و سایر ترکیبات خوراکی,False,False
11927,1390;1391;1392;1393;1394;1395;1396;1397;1398;1399;1400;1401;1402;1403,1390,1403,چاشنی\u200cها و سایر ترکیب\u200cهای خوراکی,مواد خوراکی و نوشیدنی\u200cهای غیر الکلی,مواد خوراکی,ادویه\u200cها، چاشنی\u200cها و سایر ترکیبات خوراکی,False,False
11928,1390;1391;1392;1393;1394;1395;1396;1397;1398;1399;1400;1401;1402;1403,1390,1403,چاشنی\u200cها و سایر ترکیب\u200cهای خوراکی,مواد خوراکی و نوشیدنی\u200cهای غیر الکلی,مواد خوراکی,ادویه\u200cها، چاشنی\u200cها و سایر ترکیبات خوراکی,False,False
11929,1390;1391;1392;1393;1394;1395;1396;1397;1398;1399;1400;1401;1402;1403,1390,1403,چاشنی\u200cها و سایر ترکیب\u200cهای خوراکی,مواد خوراکی و نوشیدنی\u200cهای غیر الکلی,مواد خوراکی,ادویه\u200cها، چاشنی\u200cها و سایر ترکیبات خوراکی,False,False
11931,1390;1391;1392;1393;1394;1395;1396;1397;1398;1399;1400;1401;1402;1403,1390,1403,چاشنی\u200cها و سایر ترکیب\u200cهای خوراکی,مواد خوراکی و نوشیدنی\u200cهای غیر الکلی,مواد خوراکی,ادویه\u200cها، چاشنی\u200cها و سایر ترکیبات خوراکی,False,False
11933,1390;1391;1392;1393;1394;1395;1396;1397;1398;1399;1400;1401;1402;1403,1390,1403,چاشنی\u200cها و سایر ترکیب\u200cهای خوراکی,مواد خوراکی و نوشیدنی\u200cهای غیر الکلی,مواد خوراکی,ادویه\u200cها، چاشنی\u200cها و سایر ترکیبات خوراکی,False,False
11934,1390;1391;1392;1393;1394;1395;1396;1397;1398;1399;1400;1401;1402;1403,1390,1403,چاشنی\u200cها و سایر ترکیب\u200cهای خوراکی,مواد خوراکی و نوشیدنی\u200cهای غیر الکلی,مواد خوراکی,ادویه\u200cها، چاشنی\u200cها و سایر ترکیبات خوراکی,False,False
11935,1390;1391;1392;1393;1394;1395;1396;1397;1398;1399;1400;1401;1402;1403,1390,1403,چاشنی\u200cها و سایر ترکیب\u200cهای خوراکی,مواد خوراکی و نوشیدنی\u200cهای غیر الکلی,مواد خوراکی,ادویه\u200cها، چاشنی\u200cها و سایر ترکیبات خوراکی,False,False
11936,1390;1391;1392;1393;1394;1395;1396;1397;1398;1399;1400;1401;1402;1403,1390,1403,چاشنی\u200cها و سایر ترکیب\u200cهای خوراکی,مواد خوراکی و نوشیدنی\u200cهای غیر الکلی,مواد خوراکی,ادویه\u200cها، چاشنی\u200cها و سایر ترکیبات خوراکی,False,False
11945,1390;1391;1392;1393;1394;1395;1396;1397;1398;1399;1400;1401;1402;1403,1390,1403,چاشنی\u200cها و سایر ترکیب\u200cهای خوراکی,مواد خوراکی و نوشیدنی\u200cهای غیر الکلی,مواد خوراکی,ادویه\u200cها، چاشنی\u200cها و سایر ترکیبات خوراکی,False,False
11946,1390;1391;1392;1393;1394;1395;1396;1397;1398;1399;1400;1401;1402;1403,1390,1403,چاشنی\u200cها و سایر ترکیب\u200cهای خوراکی,مواد خوراکی و نوشیدنی\u200cهای غیر الکلی,مواد خوراکی,ادویه\u200cها، چاشنی\u200cها و سایر ترکیبات خوراکی,False,False
11947,1390;1391;1392;1393;1394;1395;1396;1397;1398;1399;1400;1401;1402;1403,1390,1403,چاشنی\u200cها و سایر ترکیب\u200cهای خوراکی,مواد خوراکی و نوشیدنی\u200cهای غیر الکلی,مواد خوراکی,ادویه\u200cها، چاشنی\u200cها و سایر ترکیبات خوراکی,False,False
12111,1390;1391;1392;1393;1394;1395;1396;1397;1398;1399;1400;1401;1402;1403,1390,1403,چای، قهوه و کاکائو,مواد خوراکی و نوشیدنی\u200cهای غیر الکلی,نوشیدنی\u200cهای غیر الکلی,چای، قهوه و کاکائو,False,False
12112,1390;1391;1392;1393;1394;1395;1396;1397;1398;1399;1400;1401;1402;1403,1390,1403,چای، قهوه و کاکائو,مواد خوراکی و نوشیدنی\u200cهای غیر الکلی,نوشیدنی\u200cهای غیر الکلی,چای، قهوه و کاکائو,False,False
12113,1390;1391;1392;1393;1394;1395;1396;1397;1398;1399;1400;1401;1402;1403,1390,1403,چای، قهوه و کاکائو,مواد خوراکی و نوشیدنی\u200cهای غیر الکلی,نوشیدنی\u200cهای غیر الکلی,چای، قهوه و کاکائو,False,False
12114,1390;1391;1392;1393;1394;1395;1396;1397;1398;1399;1400;1401;1402;1403,1390,1403,چای، قهوه و کاکائو,مواد خوراکی و نوشیدنی\u200cهای غیر الکلی,نوشیدنی\u200cهای غیر الکلی,چای، قهوه و کاکائو,False,False
12211,1390;1391;1392;1393;1394;1395;1396;1397;1398;1399;1400;1401;1402;1403,1390,1403,نوشابه\u200cها,مواد خوراکی و نوشیدنی\u200cهای غیر الکلی,نوشیدنی\u200cهای غیر الکلی,نوشابه\u200cها,False,False
12212,1390;1391;1392;1393;1394;1395;1396;1397;1398;1399;1400;1401;1402;1403,1390,1403,نوشابه\u200cها,مواد خوراکی و نوشیدنی\u200cهای غیر الکلی,نوشیدنی\u200cهای غیر الکلی,نوشابه\u200cها,False,False
12213,1390;1391;1392;1393;1394;1395;1396;1397;1398;1399;1400;1401;1402;1403,1390,1403,نوشابه\u200cها,مواد خوراکی و نوشیدنی\u200cهای غیر الکلی,نوشیدنی\u200cهای غیر الکلی,نوشابه\u200cها,False,False
12214,1390;1391;1392;1393;1394;1395;1396;1397;1398;1399;1400;1401;1402;1403,1390,1403,نوشابه\u200cها,مواد خوراکی و نوشیدنی\u200cهای غیر الکلی,نوشیدنی\u200cهای غیر الکلی,نوشابه\u200cها,False,False
12215,1390;1391;1392;1393;1394;1395;1396;1397;1398;1399;1400;1401;1402;1403,1390,1403,نوشابه\u200cها,مواد خوراکی و نوشیدنی\u200cهای غیر الکلی,نوشیدنی\u200cهای غیر الکلی,نوشابه\u200cها,False,False
12216,1390;1391;1392;1393;1394;1395;1396;1397;1398;1399;1400;1401;1402;1403,1390,1403,نوشابه\u200cها,مواد خوراکی و نوشیدنی\u200cهای غیر الکلی,نوشیدنی\u200cهای غیر الکلی,نوشابه\u200cها,False,False
12218,1390;1391;1392;1393;1394;1395;1396;1397;1398;1399;1400;1401;1402;1403,1390,1403,نوشابه\u200cها,مواد خوراکی و نوشیدنی\u200cهای غیر الکلی,نوشیدنی\u200cهای غیر الکلی,نوشابه\u200cها,False,False
