Drive_Path,Size_Bytes,SHA256
audit/1402_validation_report.md,6423,53fd1cb3790082c248d5d56478909a5a016c2701e598b15353fe9ca078899207
audit/commodity_year_audit.csv,1499535,5eed25c49282a36baf97029c36e2b1824c9f59d5af361ec40f3e0af9d235f2e7
audit/commodity_year_audit.csv.gz,194863,a683828aea3e30a10ca3d9a11d5ae4330673b4957163f890bb976f690b015e85
audit/commodity_year_audit.parquet,311972,e164442e3ff3b9226f3d6569a9c1f68aea425c03ed64c5ba68eb27f464cebb7c
audit/demographic_variable_audit.csv,118853,057e4284d33c40c03917a90de2625838ace607c444f996d2fa11579aebcc5070
audit/direct_1402_access_summary.json,2256,9d613d31c838205b643c1caaeb3f35024fc8094e33508930adea825cf4b7e11f
audit/direct_1402_access_table_counts.csv,1508,96386c76be94dc83b17f90174ed98afad65f7d2fe74cec13ecca1dba76a32390
audit/direct_1402_raw_to_hbsir_value_check.csv,2378,66aef238463d6090bbbfef58251e019aeb4c2a3fb3241e75b56b73af1b70e54e
audit/final_audit_report.md,11567,8c8b0895d45ad8e4b5351b2ed866342e8870b216d26dfda65fd2b476935e10ec
audit/hbsir_transformations.csv,144064,09931065a8667b087a753d33d097432a6f885e86cc3139f2d7e5d8cc4ea3b91f
audit/independent_review/drive_destination_check.json,1594,01ab48c8be22aaf833b82151e3d95449dcd0da44b242f3ab93781d5e1dddab47
audit/independent_review/independent_checks.json,58783,630c85e370b75e49f8508c439aa7669f8434438db98e333f76150ed822cd2a3e
audit/independent_review/independent_panel_overlap.csv,1423,934047d4059587752bb8f3e83dbe6531c4140e1b8042284cb4eee5d0d533976e
audit/independent_review/independent_yearly_counts.csv,1383,9c66726486e7ec4a7378632e859de2b5c661591269c3886528d8f6b7b53100d0
audit/issues_log.csv,5874,b6d4a209947e56a25721f2a7022fcdc899f3ea2ca564fa68040581b70598e37c
audit/panel_audit_summary.json,228,64e2a315320ec73375dacdec5d846e4f8fb60fa8aca16edd5711698d7d201b5c
audit/panel_household_history.parquet,2564470,dc1d457e630538e7f1d1985772afa0c9752c20dd826fc6935590f155e052af97
audit/panel_length_distribution.csv,117,2742eb25960ec7d070fb0b3cf2c18dd11fed7a5bc59f5244e4d9a3e5bd1a68f1
audit/panel_overlap_by_year.csv,1675,d4f7c0214a8263d1f54b9c846b0b190199246d7d373de480386a5df5c1c7c582
audit/raw_archive_integrity.csv,4569,6f8b33ec10c83dcb03a64627c8a6de4761041d356acb2e05afcd85006604a12e
audit/raw_archive_integrity_summary.json,295,71521e28361a89cd6a2725287454da7bc16d809c25d1f9d0a811e2a599a1ca4f
audit/three_wave_panels.parquet,396805,d9b885fceb63fd708b777e8099bc922227488cf06d88dc50f211407997f2502d
audit/yearly_sample_summary.csv,3101,905ed9f5ed8ac864c511b2265a10d86dd70840586e4191be769f0bc6dedc96a9
combined/food_1390_1403.parquet.part-00,83886080,680936cbe5fa5b22bbb52337744dad3d2abb9a1174c10f19e6cc11bafed3ef49
combined/food_1390_1403.parquet.part-01,34302296,a258af55ec87d3a7c090950aca5277dba7905566d886b44952a47172d0adda79
combined/food_1390_1403_parts_readme.txt,610,cc412df737183bbbdb476ca3aceec4c292755a4a27c2ae95d9cfb703834064d0
combined/household_1390_1403.parquet,5061748,45b56b93fd911c08529b5a0c2fda1d32fbab3816fb9e53f2a4e04c6f9d28bc23
combined/income_1390_1403.parquet,17145592,2c7b3a268b50080b77d461b4a1701b1147c75f673cdc0670396504f1e962ef8c
combined/income_subsidy_1390_1403.parquet,3042935,8359537bcba99894d09ca77330b48573c8f60e6b144cbff2f5872e1e4c66d7a6
combined/members_1390_1403.parquet,9118820,4e1a004440ba915b69a771004b99452e0d4060ded5d538bd9803cc05403dd64e
documentation/1402/questionnaire_1402.pdf,1476765,b87108f3dc171d883cd82e5fbd8fa536fe8eccd6bc256b8429c8f9733ef8918f
documentation/1402/raw_file_guide_1402.pdf,158810,b2a94dfee7107acf01fb87b50f1d2b73099eb42f842e360d08637d49671aaa66
documentation/combined_parts_readme.txt,610,cc412df737183bbbdb476ca3aceec4c292755a4a27c2ae95d9cfb703834064d0
metadata/commodity_dictionary.csv,61038,f8e458f2535f765bad5b5399d6b897d32faf3e069d9fc0205b74f1d1d249a07a
metadata/hbsir_cleaned_sources.csv,28592,f321686a30a48ae6f1a85786a861fd1fa052ffa63c3834fad3a20a7d0023819f
metadata/hbsir_raw_files.yaml,4249,6f08984554ab4fa2291c50ad54d751b8a337eda0d9048f71120440e788815ebe
metadata/hbsir_version.json,665,b25d5bfb6f2c3a4a2b76582c03db052d76813b849d2b34b732bc649f5ccb74b3
metadata/raw_sources.csv,25338,dd1c933b5b4e10a63f37a6f25336c1cbed2f6365a883c357b61d0413f6666f9d
metadata/variable_dictionary.csv,85967,3046396bfd0faf1cfc89a6e8d5813f24e4293b7a629dcf562c7d1cc941569c6c
raw/1390/data.rar,22611642,6f52a9312e261cbe9cea96c24f8fb4c5184a50bf2b0d2d355781614ad8d14522
raw/1391/data.rar,24523548,65161a49544db14ec6323a7ffaed6556a85113c671dbf5c5d0dbf183d2520af6
raw/1392/data.rar,53215925,7b2df5603d7c0f1f450a5018455fad87290cbbb1e2e94703d7e874364df2dffc
raw/1393/data.rar,63569357,a678b31a136e6d34a0fd1f7b0878557f8b059674974375d363ced1835ad767a4
raw/1394/data.rar,70613977,2b19dd37c5ea597dcefad86ca5eded51344c4e0babe089653adf50b04fe44797
raw/1395/data.rar,67936204,7982942f19ea81cb96b464337b1bb6858e80aa7ee3a649c334100418d5f0ec7b
raw/1396/data.rar,21071715,32e6ea596a92f1689b7d5a7154a6049ddbf61429718c6ec0c1961cfce64c1c5e
raw/1397/data.rar,24843565,0f207f73a4c29ed8d566f7f2a10da7a5b421ba1135f5dec92a5839c15fded808
raw/1398/data.rar,18986746,9dcf7f207ead45f6fa25f6123a211b3b28788578a49db2d0221c968946a6004f
raw/1399/data.rar,18943157,3b7ea6755356614a0a4fe3d62d271aee1cad98db515eb453c3c8ad4d0f46147b
raw/1400/data.rar,19063841,819051c4fe8ff25ab54599b3cbb8e2003979d68296b2f5845b17a032c65ea3df
raw/1401/data.rar,20857235,877f43f0d790c68bf627db8f976667666cd54f4e3e80dd628ed26bedd0d8d39a
raw/1402/data.rar.part-00,83886080,20a18ca0a0cf51949036aaf9cc969452cfaf6d70dd0ef7b42568443c2f6c0a54
raw/1402/data.rar.part-01,27096788,bd7844ba41af2ebcec6a9a58037627d1409a52912eacabfb2532051480123523
raw/1402/drive_parts_readme.txt,702,d113f93b871272ac45658703e64697f77990640458fbcff9fb1510d4e981ef19
raw/1403/data.rar,32994730,448027572dcb8009cbb1eebb982c4085651bcc93078b50585227fe5201d20aa7
yearly/1390/checksums.sha256,764,24ef47f8f39c2490774973e4e49b3f352b3a86a4f9aa66723baccd331e90eda1
yearly/1390/food.parquet,11625978,5275fb15c8dd2c9a3ae428d56e9b4abadf7e1fa63ead68b63bd769b0845c9fdd
yearly/1390/household.parquet,474699,231ef72f49bd81364bdefba42ed552e5bea7e4fc551749c74be6bc1bfeb91f13
yearly/1390/housing.parquet,520428,e1b4df8eab0950b226f813f7f08a4e5cb5fdfd44080c7dddff68270c506b5d29
yearly/1390/income_other.parquet,207564,6fe02c046cc0d1ddf602bf73ec9ed1cf646861b62d7a947b3d740bb545aaaab3
yearly/1390/income_self_employed.parquet,472154,9d7fcb6ae6140459ffaf831554cb52f83e293b14c2a9f3b0a1639ec57ba9962d
yearly/1390/income_subsidy.parquet,354306,085175fc546c936a5de1275ae157739ac3680ffdb6b1afe29d5d4b3d433b6a30
yearly/1390/income_wage.parquet,636606,db5ce44360880cfb8739ab9a64f23c1fa43c4e1165c7c77fb95f4cf76ff36cba
yearly/1390/members.parquet,949841,41d2f1caf2536fffe51fcf69f3cdf534e9730b0f9a80461b4329cb1caaf28ff7
yearly/1390/metadata.json,12274,e5c8ad28e734d3d80a46f7b0ed9190e95d1f55b4a59a0d11aec7cba8b1fdc14f
yearly/1391/checksums.sha256,764,9d03895e54e0b1e2e69adc91eae5e1eeda7409657148144977ef88212190a2af
yearly/1391/food.parquet,11307254,dda5e90eebc21e8e59e45b40764c17d973e4837486d0f20d9c383ed393a9cd56
yearly/1391/household.parquet,478403,fbfbdca5d7a75cd7ad1213863fe254491ea06962cddb2b2cb1922fe5db22a8c4
yearly/1391/housing.parquet,516794,682fe140d547769cbb824989ff988b06f796e82aa89343ff41ac13152745ef4b
yearly/1391/income_other.parquet,207025,cc68bbb2e902c24cbb39f22f9d7c9f496246e34691917b365ba0af52839906f6
yearly/1391/income_self_employed.parquet,483449,b7924678f859587efda6da81480c6ee6a17ba82276d6a87c9f420c88934b6c00
yearly/1391/income_subsidy.parquet,321440,791ece7aab1c30bb0ba50d1206a56a41bd27777f526c660352c79c3e0533420b
yearly/1391/income_wage.parquet,614221,dbdbdfafe96cc3da9bf209237190d9f10fdc5821ed1715a39c7617cbea991afa
yearly/1391/members.parquet,919956,8a1dbee550b8703fcb5ea08896f53f969d40b6c416985512e568208b0c42954c
yearly/1391/metadata.json,12356,4ca882d0cb03b814336c2f0a2af99e84916a0c2d18a6c1f0718e3987848847ea
yearly/1392/checksums.sha256,764,80c19ee595a13ca30c9a6b58a87e19386c9adbf83a5837893bb4826cf6b50d4a
yearly/1392/food.parquet,10805487,7c1781b0ab7e00063140330bff1d9e69b9c69c8b8a04a45cdc3fb54812d21b85
yearly/1392/household.parquet,453384,76c210b3878ab247aa33b470199364d5331ab4785c1c262d5b1acaad145423a6
yearly/1392/housing.parquet,509727,c9b9c27212c3d6fd3b39a50813bf2a6b5e4084524bea76f0e3cf5970a589bae9
yearly/1392/income_other.parquet,183256,77bd2bd20fed8ab833d9c63d3c6d57e37275055871d5886c0eaa968b0f0cd59e
yearly/1392/income_self_employed.parquet,442901,eb93a1b9d65161a12161138f378b8600560f9caa8de5e208a1d1f8a366e2e96a
yearly/1392/income_subsidy.parquet,318960,1728f650ad4d941fff6b2bd5cd6f992dc9cd3a18c32c8a562c38c8f676c1a14f
yearly/1392/income_wage.parquet,593041,11a03c24a2e1dbea43a0a14b340b18b42f9562ee1aea9d383f5a0d80f3451c47
yearly/1392/members.parquet,879397,1a2baf45765bed94000b6b4938721891eace0f66ef0e1b01b3871f09a17cc115
yearly/1392/metadata.json,12380,6740e04d8dc1a1a8b48d5870cd82bb950a461ebe1b8f3a54f996a11073d86f68
yearly/1393/checksums.sha256,764,32f636fa41930a0296ec548f9e6874fe053e60b0850026ad5572338c06ff0d8a
yearly/1393/food.parquet,10962454,439b7de271a526efd7c930242ce166c4cd62a2c46f781b946fc3fa73f4954b20
yearly/1393/household.parquet,460943,084c0c31b2f051fd542dfc3aaadd343ebab45ae287398506a9889d2ea31b6787
yearly/1393/housing.parquet,555580,84d66da0de985bbff1f6aab756ec011e8c850b3ac26a877e447e1c8cef444ace
yearly/1393/income_other.parquet,204437,02cc21dfd8e04a1311846371859cae7e9c9fbf6a63ca368dac742a5d5e170b64
yearly/1393/income_self_employed.parquet,431775,5869ed9cf7bbed53876af9c3e0262d54ef7a1e4a52f2135ccc507c1347aab760
yearly/1393/income_subsidy.parquet,310612,b8cc5125b634b27de117cfba610a80fe6aac2e62a92633c89ae4f012754396d8
yearly/1393/income_wage.parquet,587475,6f34dfbd027c22e402c2b2b67eb130c740c1ee6dad69f4bd5211e02d687552e4
yearly/1393/members.parquet,821490,52b77cfbe605da3b695201b0710fbd01676b31e434d6d2b7e5e554cd88392666
yearly/1393/metadata.json,12356,33f41d748a34bac60b4b7771dedc5b3f5ae2f4e1b0fb6f10b4c0080740e56b5a
yearly/1394/checksums.sha256,764,c1a20dee70a995914dda91eb3cf7a651367637d884e1664949bfc1d6fe3b3193
yearly/1394/food.parquet,10971349,1a4247defb82ba86f1bb6dd2b67760adedc80a19fc8cc67f377a65410c16e7dc
yearly/1394/household.parquet,464870,eb70643e24bfb368509f7ee46368db1e6e816f29a1766be24efedfe3ecd6475c
yearly/1394/housing.parquet,560374,5bda0465749a7b9294b795431e491736229b5e551eae4162a11f9832330f044c
yearly/1394/income_other.parquet,214020,2554a72760504fb5618940201e514573cf89cfcfff228d40c4de357b09a619c7
yearly/1394/income_self_employed.parquet,414519,2d0f5ac89168b9827a261eca2f38e58df389bbbeeace0d1fbb3fba7ffda2ee00
yearly/1394/income_subsidy.parquet,307385,3fd80a8e6f2c8bd3221fac3f4ed6911c1bc279d616c41e78648e656b1e22d607
yearly/1394/income_wage.parquet,582193,f3cfe55277430d94d8b7dfebc04051565f493a2eda1996d464c4e2d17d1fde18
yearly/1394/members.parquet,834648,1f5ac3b38b2e5a8840fb3c55247852f319890a1c38ba42d5352fb0d639da3da9
yearly/1394/metadata.json,12380,944d89fb6f1b489791d9cc992af1a84d412332e48c06b57ddadd532636739aa8
yearly/1395/checksums.sha256,764,38816243323de8f2dbfa56f64b706dde845dd3726fc9b22ed92a288ad48fc857
yearly/1395/food.parquet,11045322,44530bc10574b73701b6aaed8d93a7244bf6a217cffb6ddf3ac282fdc9b11a6b
yearly/1395/household.parquet,463276,de24beeee432b2b1215ec74137564c128efbc25a66f1a63513d825d2c7ae772e
yearly/1395/housing.parquet,554839,48d277ecdfc96d7eb34e5e9922b1a548484023923651fd7a5ff3d686d802354e
yearly/1395/income_other.parquet,219729,8731929610192433e9f037907fba252a5c6e095efeed74c9a03a984edf790261
yearly/1395/income_self_employed.parquet,406893,945a221b23505099b7f16a5843e9c3b96f3f357d5bab590937d81f51ee6a6cc7
yearly/1395/income_subsidy.parquet,300506,846ed6bb0d17f19c12b0c05a8a1d36095b77991fd2cb63cd5e7a785972bf34ba
yearly/1395/income_wage.parquet,579730,8531c4be5aa14116abe1932702f06d0ad4218efabaf6472a981f68c6efe94644
yearly/1395/members.parquet,827805,511b488de46d8450beb3cea11c43f0948d61289b780e5ebae1b047eba950daa2
yearly/1395/metadata.json,12380,27e6df6186f1f6fc8a8496d82adcaedf55241a5646160448e3d602e4dd6aa8ff
yearly/1396/checksums.sha256,764,ceb80b062abf7895d05755c7eb0c3cbf3c85a85061bf6b878f186878ef708fb9
yearly/1396/food.parquet,11376548,7b2e98a72afa3d705d3489f55eb01f98d50eacf58505de6361b8efe8b558ae2d
yearly/1396/household.parquet,473667,fe65f520fe6ecdbd955d515e66a48e3f754a3c2f6eb2a58d995db826284d5818
yearly/1396/housing.parquet,473419,35dc7b1ec427b68b4660205a353c7da9e7bbc9555433ad2b8fef0a3205f57d24
yearly/1396/income_other.parquet,252671,7a24a56d0fbcf352ac060a0d176e2c34823e3241a2666ee39e2ae14814043fcd
yearly/1396/income_self_employed.parquet,416546,be372f6d7e94a6e0a70fa2dc70553db8eeb0588e105c52830cfb6d5bd87dcc68
yearly/1396/income_subsidy.parquet,306881,7b3126fd6eb9c80afd42384d3f9ed8e3a0ff29e84f487ecdb8d3d24fe6f24d30
yearly/1396/income_wage.parquet,580676,2271807a51daf0988bad7a1870f6eea6800ce57b57747b933aab0641d83c0240
yearly/1396/members.parquet,817434,24958d1aa4d79b65411bc5d1a1c124ac12f8b560a8aeadc2cdccadd65ac122e3
yearly/1396/metadata.json,11452,eaa9a860375fd6d90f6af21fb2c138eb547ac6269dc9b76974810b2ac0113af5
yearly/1397/checksums.sha256,764,8816d333a243be573747f9bbcaf09a5762129f2f8b3f9919489cc501808a73e8
yearly/1397/food.parquet,11072369,5b16e6426da11d9699b351dfc7a263b6e0c986943d79138712fbf0a68d829b49
yearly/1397/household.parquet,355255,04848b012f7855819d7ddf9968db3fc2829c5316c9ac87be6e26c20025e69ff5
yearly/1397/housing.parquet,487159,5fb20a99ea3d51ec094a822c13a04a8f17c9248620c0f6eccf5ccb1b8afa11a7
yearly/1397/income_other.parquet,327292,4e3f16b1685cf6b547075b0ac0c18a92906892f0ef0836802a32706821066d75
yearly/1397/income_self_employed.parquet,419298,fbcd65f284ba589eff397a0e39b653299c7d0ae6ece9f78a0f8c5571aab8e850
yearly/1397/income_subsidy.parquet,303920,1f791aefb7b099ea514796b088ff311849a5efe4768e095e15f77894310b1497
yearly/1397/income_wage.parquet,593840,68b8793dd76f1f45f8f7e64d1328339b977b0cd08be80c60df70eed3fd3db0ac
yearly/1397/members.parquet,831942,38ecf812499d84c7dc0539a1245d40030adf8e3354a4734fa3a3de8313a061f2
yearly/1397/metadata.json,11452,c6b508088b5849b7938162cfd0ea78a8cbc9e52cceb3b97fd2463c4afd06ea36
yearly/1398/checksums.sha256,764,8a2562857fc0fe3a18949324742cc75c93ef63b30c6fab0bbb3ec0a1e7bd2129
yearly/1398/food.parquet,10448159,6ae67dcf5cd82324322183cb62c577421c402c4fb6a8e44205521aaa91b28013
yearly/1398/household.parquet,519395,698f86c7fcb0fc24d38bbb879dff08b7050105dcbc7e77b9e8bc95ecfcb16b00
yearly/1398/housing.parquet,474569,101882d9b7952ee1539c2547d4f43a38b4cade3a853456e2b44ad399169ea4e3
yearly/1398/income_other.parquet,349858,aebe36550fa4aacfb8c5618e39929bb1841575217600147888750949d5e83dd3
yearly/1398/income_self_employed.parquet,410445,9d5a628601aff467a5e3c04592b567c0fbadb643df45aac36d8694e7d93058f1
yearly/1398/income_subsidy.parquet,296665,b2ae39ee577720b41f247f3f9a670ca32f433016bffde54d9f09c97a66c679bb
yearly/1398/income_wage.parquet,559222,91fa80f7c659f9cc1df0c309484b96e968a0d98a6131ae863a3bf0e02b5ee6ef
yearly/1398/members.parquet,821649,0da3e9187706da9582da882822542c134a4260ff8f9bf1fe8e869cf90e875a0b
yearly/1398/metadata.json,11452,2b590697ca0b0da244b0a42f0d268e824a3374e5d88b573bdb9abb7ab3907be4
yearly/1399/checksums.sha256,764,a4f11e669e504621813d428854cc0f379834e9b24cf8beedbb0d5ddb393d1238
yearly/1399/food.parquet,10136503,e64c8d0e30eb2e261b9229bd4cbc0fde770c44c8453f7f435746d2c6e79ab971
yearly/1399/household.parquet,518731,6fb164bfa3eef1afca4e2b2aac97e423608f9fd76ba4310970e2bc4b976b4d6b
yearly/1399/housing.parquet,460285,c262917c9d51c2a791857d758659304d13c89b17889e788252a58e6044b8cf70
yearly/1399/income_other.parquet,444491,82290accbed0b2b36eb2e811b303bb4776d120fb531baf9e781e6039c6e53b51
yearly/1399/income_self_employed.parquet,366594,1ab1528e4485302c619ed216e5771b0e75253d286de4df686636fe50ffbfbfd2
yearly/1399/income_subsidy.parquet,350683,648057fbe087ea8d43aca7b09cd3a3a5346d1fa9995660977d727c4dcac9eb92
yearly/1399/income_wage.parquet,546954,83c291226ac53f0a229873247d4f340c8306c886e83fce1c9a0ce17fe8ad6828
yearly/1399/members.parquet,803953,880a1d6a06854e25c33a97e1a004aa2402cb6048e9696be88e6224a7aa58257d
yearly/1399/metadata.json,11452,968502d6a2d51e8f4b652af7748f8fd825d3d163b017ba98823a3dabee7f3268
yearly/1400/checksums.sha256,764,70b07e317c28f7c40a986279b950de407088a8807f0fe4efbd0a7bb4105d9f11
yearly/1400/food.parquet,10309813,cbc3cb5832040a942b333a00ca13bbda31660fb1e1a41153185c43ae35c49035
yearly/1400/household.parquet,477549,5754ee94c20d19de5ca677877d16b97c987f4b9191ae742c05957a681686f554
yearly/1400/housing.parquet,530085,9f0658b19cac764c1aedeee30c5b0334645bbce0296bf049d57cd91df1c990de
yearly/1400/income_other.parquet,458773,fe743625f23897eb39eaf935fb797082159b92041d61456cf54edf967b769ae9
yearly/1400/income_self_employed.parquet,360250,8b8feec9d6a837454c858a691846ffd9bb80be8f7ef70aed44c32fd294a0363e
yearly/1400/income_subsidy.parquet,365479,92be89cb46aebdf9b2cf5896f89aef802e96a04cb9bd085b046dd112178b368c
yearly/1400/income_wage.parquet,550345,c45ae74d37107ba2257e0edb5638ef38e7af213bfb0e0e8126eac32fae8708d0
yearly/1400/members.parquet,793900,ff786f249ca6c9f0389ce3972b025c956851ce2ae8c6d6d69bc0285607bbccdc
yearly/1400/metadata.json,11438,bb9800b33c9e4032dd89cf8e7c147b27e8dff833a674a8e55d4f4d90f2fe9fb8
yearly/1401/checksums.sha256,764,0a60e89bc9a5553e113bb274dcf32b48fba461291abd46b6f5afe75008080a4d
yearly/1401/food.parquet,9484914,5d8788888794e41d77e9c2fbd5d59950d3894ae04326d67a9a69c4ef66e7b51a
yearly/1401/household.parquet,441551,5d8f1285756e923b14419ebf138d3f21554a43d70fa3dec235f018b3811fa45f
yearly/1401/housing.parquet,462402,68e64752c8deed2a8213973b8f6ea5d1ea6fbc74ad18dbf4dacb7b85132e0921
yearly/1401/income_other.parquet,541364,35ed4e19067b1123f7bc5978489115055caf038f84f19848d369701ac84052c7
yearly/1401/income_self_employed.parquet,344599,4cad4c28e469bf622f9ec10439fc630ac64243b57d9ba324140501f7786e90db
yearly/1401/income_subsidy.parquet,378235,8ae8c00e24d98cefac9cb6d25ef827446f16d10ea00d53ade8a5c4f42b15c528
yearly/1401/income_wage.parquet,543956,b1b5cce87433039aa2652d3ef9c79553c8c4325575f1e823c599758edf073879
yearly/1401/members.parquet,781793,aa94fb5a69efbc3f9a1da89182518a34544ea0d1ea4f3b8562fdccd053ab8ae6
yearly/1401/metadata.json,11591,1d8c3908328187379e6f52cf77ce9070ef7f9520ec30d228c460b2e20efe2e61
yearly/1402/checksums.sha256,764,3468f0b4e75d5f1cb4581461e82f97ab2d20b50ff9e1f1a06b9a445bf03e2376
yearly/1402/food.parquet,11006266,876518cfc62d98735ac7e360de597eec2f613600894995d73507c0d64acff418
yearly/1402/household.parquet,494035,858c29fb85f4117038019abda4280edfb049e53f0db5cd5186db82a37ecaed7f
yearly/1402/housing.parquet,479339,ae0f41afc990419eb59f9cb129036363e8305c71543398114b9056407635e783
yearly/1402/income_other.parquet,421271,d8064950e91c678bef3b3bc519bdb73c013affc23cff3be42ffcab793ac4d7ad
yearly/1402/income_self_employed.parquet,355265,c046ffbcdc924e0c53b018aa8ca23d53e782f97e3a8ea8daee5c6dc0c996ec6a
yearly/1402/income_subsidy.parquet,284272,0ace850425a80ed303ed42e081f67bcc512ddd7ef9d56194b82be5539452220f
yearly/1402/income_wage.parquet,529535,78d24e31331f1cd3ae2b51162cf462565120e72f0bd820703a0d3ac8884f2aee
yearly/1402/members.parquet,783180,b0fb5946b2418c1399501a0630da749f8d0dcf18eee9744d0a90050f5fb0cbe6
yearly/1402/metadata.json,13069,206a6262b76091a00980ed7f6d9de75b8766a055a1df1d04b6567d0a4c6748e7
yearly/1403/checksums.sha256,764,1a4c4725548bc9fafe2f1a17468bf8ccf0d90e2ee8ca4518823c78e6f842217d
yearly/1403/food.parquet,11832401,ee0ebaa90105e1929a12304122018e36c06c95c026187a4d11cac04b4c6a5377
yearly/1403/household.parquet,595257,6b196adb579be16e9fec73e2c9561aae9a0a45e076f4a51b0e6974d6edbdf5be
yearly/1403/housing.parquet,491841,95a089285638cddf87ae72f26991cc516e2d774090a0260be3a25c4deab969c2
yearly/1403/income_other.parquet,435122,ab1d5b0cb9fa32e20b72d1f61bb8c1ec3ef6756d07c1c5fc15e5ee45a544b428
yearly/1403/income_self_employed.parquet,346595,701219d07c389032481d41bb42e8b35c2d48e050a912e4519858223053118309
yearly/1403/income_subsidy.parquet,287969,7538cfcec75270e9976bce6ddcd9003b794b47c687050b766641b84020934af2
yearly/1403/income_wage.parquet,515356,ddbb47813fb0a3403f849fd9564ee03469175c142df36928f42bb02164267d68
yearly/1403/members.parquet,782401,8dd43470d636a2c238e6b75933bc36cf7e755a55bcfdef334ae0445f60612225
yearly/1403/metadata.json,11613,4ce158ebfd5770f74d415ef1c4544c904bebceb8d29870293622b7424d1623b6
