Year,table,file,source_url,source_kind,size_bytes,sha256
1390,household_information,1390_household_information.parquet,https://iran-open-data.s3.us-east-2.amazonaws.com/HBSIR/4_cleaned/1390_household_information.parquet,HBSIR maintained cleaned-table mirror,272796,22aadd48161665d2943bc9add04396aec0fee12b080c49a52fbfb84cac3d321f
1390,members_properties,1390_members_properties.parquet,https://iran-open-data.s3.us-east-2.amazonaws.com/HBSIR/4_cleaned/1390_members_properties.parquet,HBSIR maintained cleaned-table mirror,948786,08b9d8b545fa8d13021210ff1a26395c08c82d6e27b0e29e3b1f3420c82d9b6b
1390,food,1390_food.parquet,https://iran-open-data.s3.us-east-2.amazonaws.com/HBSIR/4_cleaned/1390_food.parquet,HBSIR maintained cleaned-table mirror,7016453,7b34cc2f614eaee1cf2bbc94c8c4f11c6510f340ee52c9fff31ff3c2119384c4
1390,employment_income,1390_employment_income.parquet,https://iran-open-data.s3.us-east-2.amazonaws.com/HBSIR/4_cleaned/1390_employment_income.parquet,HBSIR maintained cleaned-table mirror,635447,f96ff037eba5c4ced19338e561c7f5792cd7d844eeac612c6c64c08afd4977bf
1390,self_employed_income,1390_self_employed_income.parquet,https://iran-open-data.s3.us-east-2.amazonaws.com/HBSIR/4_cleaned/1390_self_employed_income.parquet,HBSIR maintained cleaned-table mirror,470968,ecea45e327ae6aae45237c55aa5f42bbdcaaa5e37affe760f981101fce0f7861
1390,other_income,1390_other_income.parquet,https://iran-open-data.s3.us-east-2.amazonaws.com/HBSIR/4_cleaned/1390_other_income.parquet,HBSIR maintained cleaned-table mirror,206450,b4a5d3d16616184829355aef5b41220b0fb97d28c2b555e61fd7d0b4e5b5bd48
1390,subsidy,1390_subsidy.parquet,https://iran-open-data.s3.us-east-2.amazonaws.com/HBSIR/4_cleaned/1390_subsidy.parquet,HBSIR maintained cleaned-table mirror,353107,2b6e8548d12a111543e79b0df876e7510fcc22d3038b2c349d241b4a96700802
1390,house_specifications,1390_house_specifications.parquet,https://iran-open-data.s3.us-east-2.amazonaws.com/HBSIR/4_cleaned/1390_house_specifications.parquet,HBSIR maintained cleaned-table mirror,519923,f025310696b971993f3abc0c4f6ae5c19dd3e4313a5cb18e352df3bc0c35e171
1391,household_information,1391_household_information.parquet,https://iran-open-data.s3.us-east-2.amazonaws.com/HBSIR/4_cleaned/1391_household_information.parquet,HBSIR maintained cleaned-table mirror,273337,042f48f6da110134a1a306bcf3b04c09ed5366efdd7edccea5539498017a0d69
1391,members_properties,1391_members_properties.parquet,https://iran-open-data.s3.us-east-2.amazonaws.com/HBSIR/4_cleaned/1391_members_properties.parquet,HBSIR maintained cleaned-table mirror,918904,42cf0b120d59185bbfeea3c2adf7f205c0d5ce4951488c787088fbbcf9cdb038
1391,food,1391_food.parquet,https://iran-open-data.s3.us-east-2.amazonaws.com/HBSIR/4_cleaned/1391_food.parquet,HBSIR maintained cleaned-table mirror,6774288,9699bc25102db7ee3f6544afd6ab129649de781ec451ce801bf797d69ae40b6a
1391,employment_income,1391_employment_income.parquet,https://iran-open-data.s3.us-east-2.amazonaws.com/HBSIR/4_cleaned/1391_employment_income.parquet,HBSIR maintained cleaned-table mirror,613062,c19d1546588234d2ad7e889fbd8a972c9f7a7dd04c3b0620b829938c54ea39f2
1391,self_employed_income,1391_self_employed_income.parquet,https://iran-open-data.s3.us-east-2.amazonaws.com/HBSIR/4_cleaned/1391_self_employed_income.parquet,HBSIR maintained cleaned-table mirror,482263,1db08220eb35f15e11b087c3197285aaabcf27955f0d1adf537b046876744c82
1391,other_income,1391_other_income.parquet,https://iran-open-data.s3.us-east-2.amazonaws.com/HBSIR/4_cleaned/1391_other_income.parquet,HBSIR maintained cleaned-table mirror,205911,9d3551689cb339252062944d363e1467f7ac7e81d1cf70c2448533428c13880e
1391,subsidy,1391_subsidy.parquet,https://iran-open-data.s3.us-east-2.amazonaws.com/HBSIR/4_cleaned/1391_subsidy.parquet,HBSIR maintained cleaned-table mirror,320241,4e9923a0bee7e6fb43b4cca8d744ee333ae42590ae3b111bf10317af40c0ec2d
1391,house_specifications,1391_house_specifications.parquet,https://iran-open-data.s3.us-east-2.amazonaws.com/HBSIR/4_cleaned/1391_house_specifications.parquet,HBSIR maintained cleaned-table mirror,516301,9962f31402fb097e7bba28177d33dcb4ea8eb0efd2651ba75b1e64ca246b83a7
1392,household_information,1392_household_information.parquet,https://iran-open-data.s3.us-east-2.amazonaws.com/HBSIR/4_cleaned/1392_household_information.parquet,HBSIR maintained cleaned-table mirror,268600,812c33af3bd16b978628c738dc38e737d1bb3a9d309b49458f3b6c4d26e36daa
1392,members_properties,1392_members_properties.parquet,https://iran-open-data.s3.us-east-2.amazonaws.com/HBSIR/4_cleaned/1392_members_properties.parquet,HBSIR maintained cleaned-table mirror,878345,4086ec17ad748563f58b4fd282826190bdee3f9513c4e984a9dabe5715c8dc17
1392,food,1392_food.parquet,https://iran-open-data.s3.us-east-2.amazonaws.com/HBSIR/4_cleaned/1392_food.parquet,HBSIR maintained cleaned-table mirror,6442673,726a6266eac43f76daa5e0a70920dd95823d8bd1d8e452ea8507ca9d27e7f0d6
1392,employment_income,1392_employment_income.parquet,https://iran-open-data.s3.us-east-2.amazonaws.com/HBSIR/4_cleaned/1392_employment_income.parquet,HBSIR maintained cleaned-table mirror,591882,9a5a8bd970103f9b5c967ec05dd3acdb7c41f5818672298efac6185114fed679
1392,self_employed_income,1392_self_employed_income.parquet,https://iran-open-data.s3.us-east-2.amazonaws.com/HBSIR/4_cleaned/1392_self_employed_income.parquet,HBSIR maintained cleaned-table mirror,441715,3a79cc1323b47776c830702b19c01bd0bdd943f0034381f0440380f766ad2cd9
1392,other_income,1392_other_income.parquet,https://iran-open-data.s3.us-east-2.amazonaws.com/HBSIR/4_cleaned/1392_other_income.parquet,HBSIR maintained cleaned-table mirror,182284,6f2c78fc10efbe086da76dd75a7c538c182041f7c554b52a3e0b46d2d818adc4
1392,subsidy,1392_subsidy.parquet,https://iran-open-data.s3.us-east-2.amazonaws.com/HBSIR/4_cleaned/1392_subsidy.parquet,HBSIR maintained cleaned-table mirror,317761,825f1bcac2cbab7f3ca3bb585229f35f988dc650d468b4f46db9e72aa9d69086
1392,house_specifications,1392_house_specifications.parquet,https://iran-open-data.s3.us-east-2.amazonaws.com/HBSIR/4_cleaned/1392_house_specifications.parquet,HBSIR maintained cleaned-table mirror,509234,f399ccfaff19544d60b9cc3122207944353c6e0683676e9cedbf7acdae7bb7ff
1393,household_information,1393_household_information.parquet,https://iran-open-data.s3.us-east-2.amazonaws.com/HBSIR/4_cleaned/1393_household_information.parquet,HBSIR maintained cleaned-table mirror,273057,df7856e4fe2cc2a3f23816f10ac4d059bbe34702822eba1c81adfc4bb46149ea
1393,members_properties,1393_members_properties.parquet,https://iran-open-data.s3.us-east-2.amazonaws.com/HBSIR/4_cleaned/1393_members_properties.parquet,HBSIR maintained cleaned-table mirror,820523,bae67323eb9c8e6cb7812c996cf7989ab12044386582a1357fa7316cc763e6e5
1393,food,1393_food.parquet,https://iran-open-data.s3.us-east-2.amazonaws.com/HBSIR/4_cleaned/1393_food.parquet,HBSIR maintained cleaned-table mirror,6529750,2b24f57e4704a267ede1848e2508ab9f13fb17ca47c3015a03a1f9f98ad2ff53
1393,employment_income,1393_employment_income.parquet,https://iran-open-data.s3.us-east-2.amazonaws.com/HBSIR/4_cleaned/1393_employment_income.parquet,HBSIR maintained cleaned-table mirror,586316,5751a9dee5d15baedfd423eecc7031bfcfc9c003b178a820d559b224cf78ec69
1393,self_employed_income,1393_self_employed_income.parquet,https://iran-open-data.s3.us-east-2.amazonaws.com/HBSIR/4_cleaned/1393_self_employed_income.parquet,HBSIR maintained cleaned-table mirror,430589,6780eb75ad78046dcc5096cef547b951f8effb91d5bb11b72ea7febbc743c589
1393,other_income,1393_other_income.parquet,https://iran-open-data.s3.us-east-2.amazonaws.com/HBSIR/4_cleaned/1393_other_income.parquet,HBSIR maintained cleaned-table mirror,203329,faa099ef2d16ec16457b6207b6db85737f634890def15941d76d7c26b583461e
1393,subsidy,1393_subsidy.parquet,https://iran-open-data.s3.us-east-2.amazonaws.com/HBSIR/4_cleaned/1393_subsidy.parquet,HBSIR maintained cleaned-table mirror,309413,f7a02fbb0179f761b50f40fed64cc94dde895e9c4a27f28fd9c91d920e4819a6
1393,house_specifications,1393_house_specifications.parquet,https://iran-open-data.s3.us-east-2.amazonaws.com/HBSIR/4_cleaned/1393_house_specifications.parquet,HBSIR maintained cleaned-table mirror,555075,12de09892c50e33eee0a910f11fe43ca92bdfdcbbf062703cb7d25cfe7f4dd04
1394,household_information,1394_household_information.parquet,https://iran-open-data.s3.us-east-2.amazonaws.com/HBSIR/4_cleaned/1394_household_information.parquet,HBSIR maintained cleaned-table mirror,273417,cf727684bfc56a7bfc7936e823ea98182715379debfd033b4e4281d936e37cf8
1394,members_properties,1394_members_properties.parquet,https://iran-open-data.s3.us-east-2.amazonaws.com/HBSIR/4_cleaned/1394_members_properties.parquet,HBSIR maintained cleaned-table mirror,833681,8eee388c194368d3f9bdd22f7a13165e0cf55fb38d6b16a4c2f56410e2aaaea1
1394,food,1394_food.parquet,https://iran-open-data.s3.us-east-2.amazonaws.com/HBSIR/4_cleaned/1394_food.parquet,HBSIR maintained cleaned-table mirror,6547505,08fa47922a5e0bf4a86eae222cc4e3b823553d81c9655facb5c53962cb0555d7
1394,employment_income,1394_employment_income.parquet,https://iran-open-data.s3.us-east-2.amazonaws.com/HBSIR/4_cleaned/1394_employment_income.parquet,HBSIR maintained cleaned-table mirror,581034,23322908e41013bf028471c273e9c5abba9084101edaa10e7b623196779316a3
1394,self_employed_income,1394_self_employed_income.parquet,https://iran-open-data.s3.us-east-2.amazonaws.com/HBSIR/4_cleaned/1394_self_employed_income.parquet,HBSIR maintained cleaned-table mirror,413333,7883e38b28962b63dd85f15e6181d6fa072786b67d43906bdfe3fdfb6c2faacf
1394,other_income,1394_other_income.parquet,https://iran-open-data.s3.us-east-2.amazonaws.com/HBSIR/4_cleaned/1394_other_income.parquet,HBSIR maintained cleaned-table mirror,212906,b83724b837d83917c27a4fa2af9df3e0d48e1073f4351aca96d6c641b7298525
1394,subsidy,1394_subsidy.parquet,https://iran-open-data.s3.us-east-2.amazonaws.com/HBSIR/4_cleaned/1394_subsidy.parquet,HBSIR maintained cleaned-table mirror,306186,1f50de05a4766e1ba888fe4be890e4cc788221d7cede16ce5c2b2c46f3bcd88e
1394,house_specifications,1394_house_specifications.parquet,https://iran-open-data.s3.us-east-2.amazonaws.com/HBSIR/4_cleaned/1394_house_specifications.parquet,HBSIR maintained cleaned-table mirror,559869,50cde0400b00f41f4543b4a90e13a1889ad061bd4a5e8d9925d0c34d8efe1ede
1395,household_information,1395_household_information.parquet,https://iran-open-data.s3.us-east-2.amazonaws.com/HBSIR/4_cleaned/1395_household_information.parquet,HBSIR maintained cleaned-table mirror,273440,9c455270100036d711b402d6cd355b15b1bf49e02fe2b3f6bb0bb6116cc87ce0
1395,members_properties,1395_members_properties.parquet,https://iran-open-data.s3.us-east-2.amazonaws.com/HBSIR/4_cleaned/1395_members_properties.parquet,HBSIR maintained cleaned-table mirror,826838,ad16cd28b661b04e08a37c01577244ed712b9a504b6fa8ffa95dfb40223e4836
1395,food,1395_food.parquet,https://iran-open-data.s3.us-east-2.amazonaws.com/HBSIR/4_cleaned/1395_food.parquet,HBSIR maintained cleaned-table mirror,6570332,1027d676b7b600a3d2d034295339440c2c843b2196aaffb24a0cec2d0f5ae635
1395,employment_income,1395_employment_income.parquet,https://iran-open-data.s3.us-east-2.amazonaws.com/HBSIR/4_cleaned/1395_employment_income.parquet,HBSIR maintained cleaned-table mirror,578571,0e9a85763c665b5b6dc21f62a48252936dc29b5e12ee2d0e16b0016bc729b7fb
1395,self_employed_income,1395_self_employed_income.parquet,https://iran-open-data.s3.us-east-2.amazonaws.com/HBSIR/4_cleaned/1395_self_employed_income.parquet,HBSIR maintained cleaned-table mirror,405707,01b7da6f122c0e145345a95fac0d6e55602ad4e48b3922db4391e1673561d9b3
1395,other_income,1395_other_income.parquet,https://iran-open-data.s3.us-east-2.amazonaws.com/HBSIR/4_cleaned/1395_other_income.parquet,HBSIR maintained cleaned-table mirror,218615,8cd177a582bbf4153ae0dd9f5d833e19e086d7a47692ac666d6c6ae96717dd93
1395,subsidy,1395_subsidy.parquet,https://iran-open-data.s3.us-east-2.amazonaws.com/HBSIR/4_cleaned/1395_subsidy.parquet,HBSIR maintained cleaned-table mirror,299439,b760a8d2e8dbdd2c343e93d0658b1e53817b03766f8efa67d3488c9e7bb29b12
1395,house_specifications,1395_house_specifications.parquet,https://iran-open-data.s3.us-east-2.amazonaws.com/HBSIR/4_cleaned/1395_house_specifications.parquet,HBSIR maintained cleaned-table mirror,554334,a141294b00012fc0317145b1a50ffe2ef57870981bc0742ed9702325f50a7667
1396,household_information,1396_household_information.parquet,https://iran-open-data.s3.us-east-2.amazonaws.com/HBSIR/4_cleaned/1396_household_information.parquet,HBSIR maintained cleaned-table mirror,298314,19f0bd7d44c568c957e509a89c580a2ab9bfbd19dcc8d712b565c9bba0e4fc3b
1396,members_properties,1396_members_properties.parquet,https://iran-open-data.s3.us-east-2.amazonaws.com/HBSIR/4_cleaned/1396_members_properties.parquet,HBSIR maintained cleaned-table mirror,816467,e827adee9686e4619449ea3f6cd49a201a13ff02bf7f5bb2ce18626ef12be893
1396,food,1396_food.parquet,https://iran-open-data.s3.us-east-2.amazonaws.com/HBSIR/4_cleaned/1396_food.parquet,HBSIR maintained cleaned-table mirror,6786949,8cbf47604aa590091e82986ad6f3efde466730fe9761c249546207ea8cec01e3
1396,employment_income,1396_employment_income.parquet,https://iran-open-data.s3.us-east-2.amazonaws.com/HBSIR/4_cleaned/1396_employment_income.parquet,HBSIR maintained cleaned-table mirror,579517,0baf05e5d807a72b6917f110aea046f5200966ed2771f96482961462eb2f9842
1396,self_employed_income,1396_self_employed_income.parquet,https://iran-open-data.s3.us-east-2.amazonaws.com/HBSIR/4_cleaned/1396_self_employed_income.parquet,HBSIR maintained cleaned-table mirror,415360,5f35e5d1404a8fea4d382d8c983c9857215902f1d811d45f3ce4e4dd7610ab64
1396,other_income,1396_other_income.parquet,https://iran-open-data.s3.us-east-2.amazonaws.com/HBSIR/4_cleaned/1396_other_income.parquet,HBSIR maintained cleaned-table mirror,251557,31ca91fe51486690f4c842e22105ebc03370ab61b70834aef996d297abd94e38
1396,subsidy,1396_subsidy.parquet,https://iran-open-data.s3.us-east-2.amazonaws.com/HBSIR/4_cleaned/1396_subsidy.parquet,HBSIR maintained cleaned-table mirror,305814,720b0d746aa041aa2e0ec6092272ac1ecd0c888670ec8f763833fff730fd4cf8
1396,house_specifications,1396_house_specifications.parquet,https://iran-open-data.s3.us-east-2.amazonaws.com/HBSIR/4_cleaned/1396_house_specifications.parquet,HBSIR maintained cleaned-table mirror,472914,72fd9bbe8a3aa8c7819d7d655504c534cb51cea430c8ccc023c5e47088656377
1397,household_information,1397_household_information.parquet,https://iran-open-data.s3.us-east-2.amazonaws.com/HBSIR/4_cleaned/1397_household_information.parquet,HBSIR maintained cleaned-table mirror,277639,0e626bd0c7b555e32453b3e35754a421f2c2835e7d7e6019ad57beb3e4ac4c36
1397,members_properties,1397_members_properties.parquet,https://iran-open-data.s3.us-east-2.amazonaws.com/HBSIR/4_cleaned/1397_members_properties.parquet,HBSIR maintained cleaned-table mirror,830975,24d1149f32cb854463d783aa6b415a84a489239ee425a5209564204279e51644
1397,food,1397_food.parquet,https://iran-open-data.s3.us-east-2.amazonaws.com/HBSIR/4_cleaned/1397_food.parquet,HBSIR maintained cleaned-table mirror,6606489,b807c5ce209b45dca5d75e69def72459178c09c72ae20da3519054419c108a93
1397,employment_income,1397_employment_income.parquet,https://iran-open-data.s3.us-east-2.amazonaws.com/HBSIR/4_cleaned/1397_employment_income.parquet,HBSIR maintained cleaned-table mirror,592681,4e00e4fd05f0c81e948289c0fe9c0c4c6980c4184b5fccba84c45437ed2fca52
1397,self_employed_income,1397_self_employed_income.parquet,https://iran-open-data.s3.us-east-2.amazonaws.com/HBSIR/4_cleaned/1397_self_employed_income.parquet,HBSIR maintained cleaned-table mirror,418112,710f75f027493c76a78b66c63c872b7c84c5b3af7ab05c2b45aed7ec6034d913
1397,other_income,1397_other_income.parquet,https://iran-open-data.s3.us-east-2.amazonaws.com/HBSIR/4_cleaned/1397_other_income.parquet,HBSIR maintained cleaned-table mirror,326172,ab7086c5e9ace1cc0a6c4db00c5126cdb7933e0b462f188ae0bcdcd411a1f023
1397,subsidy,1397_subsidy.parquet,https://iran-open-data.s3.us-east-2.amazonaws.com/HBSIR/4_cleaned/1397_subsidy.parquet,HBSIR maintained cleaned-table mirror,302721,20dd7cd3887faee336bf3b90b1595e8c0721f9f25be7a405b98b7d2940415b23
1397,house_specifications,1397_house_specifications.parquet,https://iran-open-data.s3.us-east-2.amazonaws.com/HBSIR/4_cleaned/1397_house_specifications.parquet,HBSIR maintained cleaned-table mirror,486654,1387f12cdcf4293f6540492a35639bd0bfb6cecf2ac89ec157304a64311a02ee
1398,household_information,1398_household_information.parquet,https://iran-open-data.s3.us-east-2.amazonaws.com/HBSIR/4_cleaned/1398_household_information.parquet,HBSIR maintained cleaned-table mirror,314656,86510c24ef45e251adb5dbfa27c6a06dabc0260d02ed42db9681115ca0e27e35
1398,members_properties,1398_members_properties.parquet,https://iran-open-data.s3.us-east-2.amazonaws.com/HBSIR/4_cleaned/1398_members_properties.parquet,HBSIR maintained cleaned-table mirror,820682,a2491914363fb16d281a69ac5e5f8f4c211ac71bc688a065132e16edebc0bc34
1398,food,1398_food.parquet,https://iran-open-data.s3.us-east-2.amazonaws.com/HBSIR/4_cleaned/1398_food.parquet,HBSIR maintained cleaned-table mirror,6245552,064769c22e9bf8aeee5be07ef75b7f784836842f2868fb6c5ea9c2f5ce3583d0
1398,employment_income,1398_employment_income.parquet,https://iran-open-data.s3.us-east-2.amazonaws.com/HBSIR/4_cleaned/1398_employment_income.parquet,HBSIR maintained cleaned-table mirror,558063,d693645c729925f022037d61e1fe1f3e619a64c2b31898f9f8e21df4be926211
1398,self_employed_income,1398_self_employed_income.parquet,https://iran-open-data.s3.us-east-2.amazonaws.com/HBSIR/4_cleaned/1398_self_employed_income.parquet,HBSIR maintained cleaned-table mirror,409259,2e18c3f5dfcb7f17a63ede31c3fd18e5ae9a99d34181a74b1a602bbcb0eedaf8
1398,other_income,1398_other_income.parquet,https://iran-open-data.s3.us-east-2.amazonaws.com/HBSIR/4_cleaned/1398_other_income.parquet,HBSIR maintained cleaned-table mirror,348738,ace4d2b9aca5ca5502845f4739041a262676fd4dbad059b4710f863a67764edf
1398,subsidy,1398_subsidy.parquet,https://iran-open-data.s3.us-east-2.amazonaws.com/HBSIR/4_cleaned/1398_subsidy.parquet,HBSIR maintained cleaned-table mirror,295598,74bdf673b7e101fb645f0450025b0d27ac2daeb6592e17c4de26b1387f1818b7
1398,house_specifications,1398_house_specifications.parquet,https://iran-open-data.s3.us-east-2.amazonaws.com/HBSIR/4_cleaned/1398_house_specifications.parquet,HBSIR maintained cleaned-table mirror,474072,7c568de469167f24ed954ffdf3ff133e0acc005842af29e0c2812da628aaf199
1399,household_information,1399_household_information.parquet,https://iran-open-data.s3.us-east-2.amazonaws.com/HBSIR/4_cleaned/1399_household_information.parquet,HBSIR maintained cleaned-table mirror,311789,6916ac15eef5c8fefabbdac763a1115dc5b5f0e13c21dee0af382b2d4e193fbc
1399,members_properties,1399_members_properties.parquet,https://iran-open-data.s3.us-east-2.amazonaws.com/HBSIR/4_cleaned/1399_members_properties.parquet,HBSIR maintained cleaned-table mirror,802986,dfa50dc6301a8b07947e37ce71f88a951289263ccbf79c997c871bcc76b35f9c
1399,food,1399_food.parquet,https://iran-open-data.s3.us-east-2.amazonaws.com/HBSIR/4_cleaned/1399_food.parquet,HBSIR maintained cleaned-table mirror,6056564,38cced43998ca1817b471fe9f03a4fd1226dd29e0c08be6c1b3552c6d26f8e3f
1399,employment_income,1399_employment_income.parquet,https://iran-open-data.s3.us-east-2.amazonaws.com/HBSIR/4_cleaned/1399_employment_income.parquet,HBSIR maintained cleaned-table mirror,545795,8af218bc2c3a8715bcdf82b5d3cdb25f1bd96bcc6dbad303d97946f2b5db6423
1399,self_employed_income,1399_self_employed_income.parquet,https://iran-open-data.s3.us-east-2.amazonaws.com/HBSIR/4_cleaned/1399_self_employed_income.parquet,HBSIR maintained cleaned-table mirror,365566,4da1790799bacbf811c3f216bca7f1e81bbf5f90d7ebd27d284275c4e2167f6a
1399,other_income,1399_other_income.parquet,https://iran-open-data.s3.us-east-2.amazonaws.com/HBSIR/4_cleaned/1399_other_income.parquet,HBSIR maintained cleaned-table mirror,443229,633ddbee622d1119314dbee60f7b7655554f8471010b71c3a541e98e14dd391a
1399,subsidy,1399_subsidy.parquet,https://iran-open-data.s3.us-east-2.amazonaws.com/HBSIR/4_cleaned/1399_subsidy.parquet,HBSIR maintained cleaned-table mirror,349478,bd382491c91dede897e0e44ceb6eaccf7dc7028f1fb3714634946fc61fc76d6b
1399,house_specifications,1399_house_specifications.parquet,https://iran-open-data.s3.us-east-2.amazonaws.com/HBSIR/4_cleaned/1399_house_specifications.parquet,HBSIR maintained cleaned-table mirror,459780,26256de1a48dc4e2eadc21b08612a3b07cd25d62541fa5428925d8f5fe907819
1400,household_information,1400_household_information.parquet,https://iran-open-data.s3.us-east-2.amazonaws.com/HBSIR/4_cleaned/1400_household_information.parquet,HBSIR maintained cleaned-table mirror,293500,392d3a40c2a61e4db8911d3e87928baf158cfe7a466c8f1f22b572fbff2c2b1f
1400,members_properties,1400_members_properties.parquet,https://iran-open-data.s3.us-east-2.amazonaws.com/HBSIR/4_cleaned/1400_members_properties.parquet,HBSIR maintained cleaned-table mirror,792933,6ad22f20cdb45b3a659036e8985213cafe5b58233fb6371168ee4aae731ff0ee
1400,food,1400_food.parquet,https://iran-open-data.s3.us-east-2.amazonaws.com/HBSIR/4_cleaned/1400_food.parquet,HBSIR maintained cleaned-table mirror,6148115,46a1cae0745396126bdd1dff30b97738be2ad9010a71b9aaf8aea8ee0e08ab06
1400,employment_income,1400_employment_income.parquet,https://iran-open-data.s3.us-east-2.amazonaws.com/HBSIR/4_cleaned/1400_employment_income.parquet,HBSIR maintained cleaned-table mirror,549186,de59afefa8efa10ca5046dcc52a918b919b12509e2199c81a74052bf0f67b3f2
1400,self_employed_income,1400_self_employed_income.parquet,https://iran-open-data.s3.us-east-2.amazonaws.com/HBSIR/4_cleaned/1400_self_employed_income.parquet,HBSIR maintained cleaned-table mirror,359222,180041086530115bfcc90995ccbf93964e6e524cbaefd695b96e39aa94367b44
1400,other_income,1400_other_income.parquet,https://iran-open-data.s3.us-east-2.amazonaws.com/HBSIR/4_cleaned/1400_other_income.parquet,HBSIR maintained cleaned-table mirror,457505,4bf815b7c33723ba003134e214e21f931b5a1129e107a8819d0f9d3671016651
1400,subsidy,1400_subsidy.parquet,https://iran-open-data.s3.us-east-2.amazonaws.com/HBSIR/4_cleaned/1400_subsidy.parquet,HBSIR maintained cleaned-table mirror,364142,194b1ad6d92c6917145ae897abbb518d81720754ceccb59fe6e7be85337595b3
1400,house_specifications,1400_house_specifications.parquet,https://iran-open-data.s3.us-east-2.amazonaws.com/HBSIR/4_cleaned/1400_house_specifications.parquet,HBSIR maintained cleaned-table mirror,529503,1ba188a07afbc38417c0eb7e4b312a9f6c5fdcc866ba60f8b17cedbc21937c18
1401,household_information,1401_household_information.parquet,https://iran-open-data.s3.us-east-2.amazonaws.com/HBSIR/4_cleaned/1401_household_information.parquet,HBSIR maintained cleaned-table mirror,293076,7a9a30b2cc475d939cf37e9ecd935ef46884e9488c56a75d2e9a29ec1826288e
1401,members_properties,1401_members_properties.parquet,https://iran-open-data.s3.us-east-2.amazonaws.com/HBSIR/4_cleaned/1401_members_properties.parquet,HBSIR maintained cleaned-table mirror,780829,c2019cf3e833ff523e08b015c094dbd1877c9fff3bf54996e4d75e6a052a1b12
1401,food,1401_food.parquet,https://iran-open-data.s3.us-east-2.amazonaws.com/HBSIR/4_cleaned/1401_food.parquet,HBSIR maintained cleaned-table mirror,5582729,1760e072b373a751a2f76e26438dfd33c69e609ab2114610f31bc276a73c6c54
1401,employment_income,1401_employment_income.parquet,https://iran-open-data.s3.us-east-2.amazonaws.com/HBSIR/4_cleaned/1401_employment_income.parquet,HBSIR maintained cleaned-table mirror,542797,18b08543d3ce3f39e7c3393aa86942cec56528fdfb77959eae246e91cf9e1213
1401,self_employed_income,1401_self_employed_income.parquet,https://iran-open-data.s3.us-east-2.amazonaws.com/HBSIR/4_cleaned/1401_self_employed_income.parquet,HBSIR maintained cleaned-table mirror,343571,6aff4a00457bc411338821198984379dbf327517ddd8a8d322e98fe06516a7b8
1401,other_income,1401_other_income.parquet,https://iran-open-data.s3.us-east-2.amazonaws.com/HBSIR/4_cleaned/1401_other_income.parquet,HBSIR maintained cleaned-table mirror,540096,1027f3d6410244b04364abae1bd977a2e7f7d27b6eca3972dbb3f4e0d8726f46
1401,subsidy,1401_subsidy.parquet,https://iran-open-data.s3.us-east-2.amazonaws.com/HBSIR/4_cleaned/1401_subsidy.parquet,HBSIR maintained cleaned-table mirror,376898,e741ed52fb35b9dd4bb87a2547c05dd5057b69b900c6e816e11a26ec9d1d1d2b
1401,house_specifications,1401_house_specifications.parquet,https://iran-open-data.s3.us-east-2.amazonaws.com/HBSIR/4_cleaned/1401_house_specifications.parquet,HBSIR maintained cleaned-table mirror,461905,c58b6f2db7632ed05ed42352a8661fcc46e9fe4a43c9aa8e1d5a0e176dffcd83
1402,household_information,1402_household_information.parquet,https://iran-open-data.s3.us-east-2.amazonaws.com/HBSIR/4_cleaned/1402_household_information.parquet,HBSIR maintained cleaned-table mirror,312460,64064a64c24e3683de545dfa5f8d8bb5ac1526b6b7b164d5f254e03230ebbeff
1402,members_properties,1402_members_properties.parquet,https://iran-open-data.s3.us-east-2.amazonaws.com/HBSIR/4_cleaned/1402_members_properties.parquet,HBSIR maintained cleaned-table mirror,782216,56fa581d06d1d411deb0afa519974a68f62bf1ac35d4a7066012deab73e9d5cf
1402,food,1402_food.parquet,https://iran-open-data.s3.us-east-2.amazonaws.com/HBSIR/4_cleaned/1402_food.parquet,HBSIR maintained cleaned-table mirror,6771823,76e802eeb67ce47e5e26895f7a4a084de0a37d8541ed176ba029f72b90c3063c
1402,employment_income,1402_employment_income.parquet,https://iran-open-data.s3.us-east-2.amazonaws.com/HBSIR/4_cleaned/1402_employment_income.parquet,HBSIR maintained cleaned-table mirror,528376,71621177e4ec124cbd5677362fecf9ed3276aee48ad2479c6799c3edc50daa5b
1402,self_employed_income,1402_self_employed_income.parquet,https://iran-open-data.s3.us-east-2.amazonaws.com/HBSIR/4_cleaned/1402_self_employed_income.parquet,HBSIR maintained cleaned-table mirror,354237,d352c4584c72c119eb0212f98ed3e59a48bbead71e176327e385fd3ddd6fade3
1402,other_income,1402_other_income.parquet,https://iran-open-data.s3.us-east-2.amazonaws.com/HBSIR/4_cleaned/1402_other_income.parquet,HBSIR maintained cleaned-table mirror,420009,b36e8851665c6addc072f2056d67c0bb149ad88bf889cac583acd50ec57efe21
1402,subsidy,1402_subsidy.parquet,https://iran-open-data.s3.us-east-2.amazonaws.com/HBSIR/4_cleaned/1402_subsidy.parquet,HBSIR maintained cleaned-table mirror,283205,9d83b2a9fa47094f90102518542e444023287671a696c7aa92c0ac34559aab8d
1402,house_specifications,1402_house_specifications.parquet,https://iran-open-data.s3.us-east-2.amazonaws.com/HBSIR/4_cleaned/1402_house_specifications.parquet,HBSIR maintained cleaned-table mirror,478842,e326d858999a55a70271a54f320b382fb4153f03942a25e4bf1543951497100e
1403,household_information,1403_household_information.parquet,https://iran-open-data.s3.us-east-2.amazonaws.com/HBSIR/4_cleaned/1403_household_information.parquet,HBSIR maintained cleaned-table mirror,321644,383d561c503a7fc2f6578b3bb0f67fdf70785525ad82e1f8506eac0d072119e8
1403,members_properties,1403_members_properties.parquet,https://iran-open-data.s3.us-east-2.amazonaws.com/HBSIR/4_cleaned/1403_members_properties.parquet,HBSIR maintained cleaned-table mirror,781437,4346620617bc3ca3ba45649daf2a666b7e25908dded0b94dc9f303c5c8b7acd4
1403,food,1403_food.parquet,https://iran-open-data.s3.us-east-2.amazonaws.com/HBSIR/4_cleaned/1403_food.parquet,HBSIR maintained cleaned-table mirror,7484880,f024aa4408a828aae2c48f1898a07766d69e9d1257150b8049d420365000239f
1403,employment_income,1403_employment_income.parquet,https://iran-open-data.s3.us-east-2.amazonaws.com/HBSIR/4_cleaned/1403_employment_income.parquet,HBSIR maintained cleaned-table mirror,514197,43dcce90a2223e8f2442720f764f5a2d793611c42a15cc0a81cbd895e8e3f424
1403,self_employed_income,1403_self_employed_income.parquet,https://iran-open-data.s3.us-east-2.amazonaws.com/HBSIR/4_cleaned/1403_self_employed_income.parquet,HBSIR maintained cleaned-table mirror,345567,63f11eee63d868b78dd3d54428e2b593186c5cbc30b00630a804d51cfc6a7512
1403,other_income,1403_other_income.parquet,https://iran-open-data.s3.us-east-2.amazonaws.com/HBSIR/4_cleaned/1403_other_income.parquet,HBSIR maintained cleaned-table mirror,433860,a998c3fe563c4b469f33a97d1091fe98a1d6aa88a7493f8575fc958f4f04154e
1403,subsidy,1403_subsidy.parquet,https://iran-open-data.s3.us-east-2.amazonaws.com/HBSIR/4_cleaned/1403_subsidy.parquet,HBSIR maintained cleaned-table mirror,286902,fc2119707ef8007330008e5076e8eaaac061d6c5232c7247f8acfaaaa009eb8b
1403,house_specifications,1403_house_specifications.parquet,https://iran-open-data.s3.us-east-2.amazonaws.com/HBSIR/4_cleaned/1403_house_specifications.parquet,HBSIR maintained cleaned-table mirror,491344,3869135fbdbab7d8c349915f52f5848e9f9b7468915f5adef1d2ea53ed62a911
