standard_name,raw_name_by_year,meaning,coding,years_available,transformation,notes
address_raw,Address_Raw; Address,رشتهٔ خام Address خانوار در Access؛ کلید اصلی بدون تغییر,رشته؛ صفر ابتدایی در صورت وجود حفظ می‌شود,1392;1393;1394;1395;1396;1397;1398;1399;1400;1401;1402;1403,تبدیل به string؛ هیچ بخش جغرافیایی به کلید دائمی تبدیل نمی‌شود,Address به‌تنهایی شناسهٔ جهانی خانوار نیست.; years_available lists years with at least one nonmissing value in household_year_all.
year,Year; پوشهٔ سالانه,سال شمسی مشاهده,۱۳۹۲ تا ۱۴۰۳,1392;1393;1394;1395;1396;1397;1398;1399;1400;1401;1402;1403,عدد سال به int16,فقط این بازه در خروجی‌های تحلیلی حاضر است.; years_available lists years with at least one nonmissing value in household_year_all.
frame,Raw_Table / دورهٔ طراحی,شناسهٔ دورهٔ طراحی نمونه‌گیری,Frame_1392_1396 یا Frame_1397_1403,1392;1393;1394;1395;1396;1397;1398;1399;1400;1401;1402;1403,بر اساس سال طراحی؛ هیچ پیوند ۱۳۹۶→۱۳۹۷ ساخته نشده,در panel_id استفاده می‌شود.; years_available lists years with at least one nonmissing value in household_year_all.
panel_id,Frame + Address_Raw,شناسهٔ scoped برای Address در همان دورهٔ طراحی,frame:address_raw,1392;1393;1394;1395;1396;1397;1398;1399;1400;1401;1402;1403,الحاق رشته‌ای دقیق,به‌عنوان شناسهٔ دائمی خارج از همان frame اثبات نشده است.; years_available lists years with at least one nonmissing value in household_year_all.
cohort,panel_candidates_1392_1403.parquet: Cohort,سه‌موج معتبر ممیزی‌شده,1392_1394…1401_1403,1392;1393;1394;1395;1396;1397;1398;1399;1400;1401;1402;1403,فقط برای Panel B پر می‌شود,برای householdهای خارج از B خالی است.; years_available lists years with at least one nonmissing value in household_year_all.
wave,panel_candidates_1392_1403.parquet: year position,موقعیت موج در cohort,1/2/3,1392;1393;1394;1395;1396;1397;1398;1399;1400;1401;1402;1403,فقط برای Panel B پر می‌شود,برای householdهای خارج از B خالی است.; years_available lists years with at least one nonmissing value in household_year_all.
panel_B,panel_candidates_1392_1403.parquet: Sample_B,پرچم نمونهٔ اصلی پنلی,1 فقط Address یکسان و Takmil=1 در سه موج همان cohort,1392;1393;1394;1395;1396;1397;1398;1399;1400;1401;1402;1403,پرچم ممیزی قبلی؛ مرز frame ممنوع,Level 1/2 به جای آن انتخاب نشده‌اند.; years_available lists years with at least one nonmissing value in household_year_all.
panel_level1,panel_candidates_1392_1403.parquet: Sample_Level_1,پرچم اعتبارسنجی Level 1,0/1,1392;1393;1394;1395;1396;1397;1398;1399;1400;1401;1402;1403,کپی از ممیزی قبلی,فقط تشخیصی.; years_available lists years with at least one nonmissing value in household_year_all.
panel_level2,panel_candidates_1392_1403.parquet: Sample_Level_2,پرچم اعتبارسنجی Level 2,0/1,1392;1393;1394;1395;1396;1397;1398;1399;1400;1401;1402;1403,کپی از ممیزی قبلی,فقط تشخیصی.; years_available lists years with at least one nonmissing value in household_year_all.
urban_rural,household_information: Urban_Rural; Raw_Table,طبقهٔ شهری/روستایی HBSIR,Urban/Rural,1392;1393;1394;1395;1396;1397;1398;1399;1400;1401;1402;1403,برچسب HBSIR نگه داشته شده؛ با نوع جدول Access کنترل می‌شود,urban_rural_match_check اختلاف احتمالی را ثبت می‌کند.; years_available lists years with at least one nonmissing value in household_year_all.
province,household_information: Province / Province_Farsi,استان بر اساس طبقه‌بندی HBSIR,نام انگلیسی و فارسی HBSIR,1392;1393;1394;1395;1396;1397;1398;1399;1400;1401;1402;1403,بدون بازنگاشت بین‌سالی,نام گزارش‌شده حفظ شده است.; years_available lists years with at least one nonmissing value in household_year_all.
county,household_information: County / County_Farsi,شهرستان HBSIR در صورت موجود بودن,نام انگلیسی و فارسی HBSIR,1392;1393;1394;1395;1396;1397;1398;1399;1400;1401;1402;1403,بدون تجمیع شهرستان,قابلیت مقایسهٔ بین‌سالی جداگانه ارزیابی شود.; years_available lists years with at least one nonmissing value in household_year_all.
season,household_information: Season / Season_Number; raw Fasl,فصل مصاحبه,کد و برچسب HBSIR؛ Fasl خام جدا,1392;1393;1394;1395;1396;1397;1398;1399;1400;1401;1402;1403,برچسب HBSIR و کد خام حفظ شده,هیچ فصل جدیدی ساخته نشده است.; years_available lists years with at least one nonmissing value in household_year_all.
interview_month,household_information: Month; raw MahMorajeh,ماه مصاحبه,ماه HBSIR؛ کد خام جدا,1392;1393;1394;1395;1396;1397;1398;1399,ماه HBSIR و MahMorajeh خام کنار هم نگه داشته شده‌اند,تبدیل ماه HBSIR سالانه در metadata قبلی مستند است.; years_available lists years with at least one nonmissing value in household_year_all.
weight,1392–1395: HBSIR external weight table; 1396–1403: household_information.WEIGHT,وزن خانوار HBSIR,وزن عددی؛ منبع متغیر قبل/بعد ۱۳۹۶,1392;1393;1394;1395;1396;1397;1398;1399;1400;1401;1402;1403,HBSIR Weight؛ weight_raw، access_weight_raw و weight_source نگه داشته می‌شود,وزن خام Access از ۱۳۹۶ تا ۱۴۰۳ با HBSIR منطبق است؛ وزن‌های ۱۳۹۲–۱۳۹۵ از فایل خارجی HBSIR هستند.; years_available lists years with at least one nonmissing value in household_year_all.
cluster_psu,—,PSU/خوشهٔ قابل اتکا در همهٔ سال‌ها,در schema harmonized قابل اتکا در تمام سال‌ها موجود نیست,not in output schema,تعریف/استخراج نشده,از prefix آدرس به‌عنوان PSU استفاده نشده است.; years_available lists years with at least one nonmissing value in household_year_all.
household_size,household_information: Household_Size,اندازهٔ خانوار HBSIR,تعداد اعضای ثبت‌شده,1392;1393;1394;1395;1396;1397;1398;1399;1400;1401;1402;1403,مقدار استاندارد HBSIR حفظ شده؛ تعداد اعضای جدول اعضا جدا آمده,اختلاف را خودکار اصلاح نمی‌کنیم.; years_available lists years with at least one nonmissing value in household_year_all.
head_age,1392–1403: members_properties.DYCOL05 → Age; DYCOL03=Head,سن سرپرست,سن عددی HBSIR,1392;1393;1394;1395;1396;1397;1398;1399;1400;1401;1402;1403,ردیف سرپرست با Relationship=Head؛ فقط یک ردیف یکتا پذیرفته می‌شود,مقادیر گمشده حفظ می‌شوند.; years_available lists years with at least one nonmissing value in household_year_all.
head_sex,1392–1403: members_properties.DYCOL04 → Sex; DYCOL03=Head,جنس سرپرست,برچسب HBSIR,1392;1393;1394;1395;1396;1397;1398;1399;1400;1401;1402;1403,نگاشت HBSIR؛ بدون بازنویسی جنس,مقادیر گمشده حفظ می‌شوند.; years_available lists years with at least one nonmissing value in household_year_all.
head_education,1392–1403: members_properties.DYCOL08 → Education_Level; DYCOL03=Head,تحصیلات سرپرست,کد/برچسب سالانهٔ HBSIR,1392;1393;1394;1395;1396;1397;1398;1399;1400;1401;1402;1403,بازکدگذاری بین‌سالی انجام نشده,کدگذاری HBSIR در ۱۳۹۳ و ۱۳۹۷ تغییر کرده؛ مقایسهٔ تجمیعی تفسیر نشود.; years_available lists years with at least one nonmissing value in household_year_all.
head_is_literate,1392–1403: members_properties.DYCOL06 → Is_Literate; DYCOL03=Head,باسواد بودن سرپرست,Boolean HBSIR,1392;1393;1394;1395;1396;1397;1398;1399;1400;1401;1402;1403,بدون پرکردن missing,کدهای اصل در گزارش HBSIR موجود است.; years_available lists years with at least one nonmissing value in household_year_all.
head_is_student,1392–1403: members_properties.DYCOL07 → Is_Student; DYCOL03=Head,دانشجو بودن سرپرست,Boolean HBSIR,1392;1393;1394;1395;1396;1397;1398;1399;1400;1401;1402;1403,بدون پرکردن missing,کدهای اصل در گزارش HBSIR موجود است.; years_available lists years with at least one nonmissing value in household_year_all.
head_marital_status,1392–1403: members_properties.DYCOL10 → Marital_Status; DYCOL03=Head,وضع تأهل سرپرست,برچسب HBSIR,1392;1393;1394;1395;1396;1397;1398;1399;1400;1401;1402;1403,برچسب حفظ شده؛ مقایسهٔ بین‌سالی جداگانه بازبینی شود,بدون تجمیع خودسرانه.; years_available lists years with at least one nonmissing value in household_year_all.
head_activity_status,1392–1403: members_properties.DYCOL09 → Activity_Status; DYCOL03=Head,وضعیت فعالیت سرپرست,برچسب HBSIR,1392;1393;1394;1395;1396;1397;1398;1399;1400;1401;1402;1403,برچسب حفظ شده؛ مقایسهٔ بین‌سالی جداگانه بازبینی شود,بدون تجمیع خودسرانه.; years_available lists years with at least one nonmissing value in household_year_all.
takmil,Takmil,تکمیل پرسشنامهٔ خانوار اصلی,1=بله، 2=خیر در پرسشنامه همان سال,1392;1393;1394;1395;1396;1397;1398;1399;1400;1401;1402;1403,کد خام متنی با حذف فاصلهٔ پیرامونی؛ تأیید مصاحبه فقط مقدار دقیق 1,شماره سؤال تا ۱۳۹۶ Q19 و از ۱۳۹۷ Q18 است.; years_available lists years with at least one nonmissing value in household_year_all.
jaygozin,Jaygozin,تکمیل پرسشنامهٔ خانوار جایگزین,1=بله، 2=خیر در پرسشنامه همان سال,1392;1393;1394;1395;1396;1397;1398;1399;1400;1401;1402;1403,کد خام متنی با حذف فاصلهٔ پیرامونی؛ تأیید مصاحبه فقط مقدار دقیق 1,شماره سؤال تا ۱۳۹۶ Q20 و از ۱۳۹۷ Q19 است.; years_available lists years with at least one nonmissing value in household_year_all.
respondent_kind,Takmil + Jaygozin,نوع پاسخ‌دهنده بر اساس دو کد خام,Original/Substitute/Conflicting/No completed/Ambiguous,1392;1393;1394;1395;1396;1397;1398;1399;1400;1401;1402;1403,1 دقیق در Takmil یا Jaygozin وضعیت تکمیل است؛ تعارض صریح جدا می‌ماند,برای All Sample فقط affirmative exact code پذیرفته شد.; years_available lists years with at least one nonmissing value in household_year_all.
food_exp_observed_total,food: Expenditure,جمع ارزش مخارج/تهیهٔ غذایی ثبت‌شده,واحد پول همان فایل HBSIR؛ اسمی,1392;1393;1394;1395;1396;1397;1398;1399;1400;1401;1402;1403,جمع Expenditure تمام روش‌های تهیه، بدون تبدیل قیمت یا تعدیل تورم,شامل non-market valueهای ثبت‌شده است؛ خرید نقدی جدا در itemwide موجود است.; years_available lists years with at least one nonmissing value in household_year_all.
n_food_items_positive,food: Commodity_Code + Expenditure,تعداد کدهای کالایی با Expenditure مثبت ثبت‌شده,تعداد کد یکتا,1392;1393;1394;1395;1396;1397;1398;1399;1400;1401;1402;1403,تجمیع همهٔ روش‌های تهیه در خانوار-سال-کد,با n_food_items_purchased که فقط روش‌های خرید است متفاوت است.; years_available lists years with at least one nonmissing value in household_year_all.
urban_rural_raw_table,Access: Raw_Table,طبقهٔ شهری/روستایی برگرفته از نام جدول Access,نام جدول با پیشوند U=Urban و R=Rural,1392;1393;1394;1395;1396;1397;1398;1399;1400;1401;1402;1403,طبقه‌بندی خام جدول Access؛ برای کنترل با Urban_Rural هارمون‌شده حفظ شده,فقط کنترل کیفیت است و جای متغیر جغرافیایی HBSIR را نمی‌گیرد.; years_available lists years with at least one nonmissing value in household_year_all.
urban_rural_match_check,Raw_Table + HBSIR Urban_Rural,برابری طبقهٔ شهری/روستایی Access و HBSIR,1=برابر؛ 0=مغایر یا HBSIR missing,1392;1393;1394;1395;1396;1397;1398;1399;1400;1401;1402;1403,مقایسهٔ exact پس از طبقه‌بندی U/R جدول Access,پرچم تشخیصی؛ هیچ ردیفی با آن حذف نشده است.; years_available lists years with at least one nonmissing value in household_year_all.
province_farsi,HBSIR id_information.yaml / Province_Farsi,نام فارسی استان در طبقه‌بندی HBSIR,برچسب HBSIR,1392;1393;1394;1395;1396;1397;1398;1399;1400;1401;1402;1403,بدون تجمیع یا بازنگاشت بین‌سالی,مقادیر خام حفظ شده‌اند.; years_available lists years with at least one nonmissing value in household_year_all.
county_farsi,HBSIR id_information.yaml / County_Farsi,نام فارسی شهرستان در طبقه‌بندی HBSIR,برچسب HBSIR یا missing,1392;1393;1394;1395;1396;1397;1398;1399;1400;1401;1402;1403,بدون تجمیع شهرستان,مقایسه‌پذیری مرزهای شهرستانی باید جداگانه بررسی شود.; years_available lists years with at least one nonmissing value in household_year_all.
season_number,Access household_information.FASL,کد فصل خام پرسشنامه,کد عددی سالانه,1392;1393;1394;1395;1396;1397;1398;1399;1400;1401;1402;1403,کد خام HBSIR/Access حفظ شده,از برچسب season جدا است.; years_available lists years with at least one nonmissing value in household_year_all.
fasl_raw,Access: Fasl,مقدار خام فصل در فایل Access,کد متنی خام,1396;1397;1398;1399;1400;1401;1402;1403,تبدیل تحلیلی انجام نشده,برای بررسی تطبیق با Season_Number نگه داشته شده است.; years_available lists years with at least one nonmissing value in household_year_all.
mah_morajeh_raw,Access: MahMorajeh,ماه مراجعهٔ خام در فایل Access,کد متنی خام,1392;1393;1394;1395;1396;1397;1398;1399,بدون اصلاح یا بازکدگذاری,از interview_month تعدیل‌شدهٔ HBSIR جداست.; years_available lists years with at least one nonmissing value in household_year_all.
weight_raw,household_information.WEIGHT (1396–1403),فیلد وزن خام خانوار در منبع HBSIR,عدد وزن؛ پیش از 1396 در فایل خانوار موجود نیست,1396;1397;1398;1399;1400;1401;1402;1403,مقدار خام نگه داشته شده؛ برای سال‌های پیش از 1396 missing است,weight استاندارد HBSIR در سال‌های قبل از 1396 از فایل وزن خارجی می‌آید.; years_available lists years with at least one nonmissing value in household_year_all.
access_weight_raw,Access household table: weight/Weight (1396–1403),فیلد وزن در فایل خام Access,عدد وزن؛ پیش از 1396 در فایل خانوار Access موجود نیست,1396;1397;1398;1399;1400;1401;1402;1403,نام ستون case-insensitive خوانده و با نام استاندارد جدا از وزن HBSIR حفظ شده,برای 1396–1403 با وزن HBSIR تطبیق داده شد؛ پیش از 1396 وزن استاندارد از فایل خارجی HBSIR است.; years_available lists years with at least one nonmissing value in household_year_all.
access_weight_match_check,Access weight/Weight vs HBSIR Weight,تطبیق وزن خام Access با وزن استاندارد HBSIR,1=منطبق؛ 0=مغایر؛ missing=Access weight unavailable,1396;1397;1398;1399;1400;1401;1402;1403,مقایسهٔ عددی با tolerance نسبی 1e-10,در 1396–1403 بررسی می‌شود؛ در 1392–1395 وزن HBSIR از فایل خارجی است.; years_available lists years with at least one nonmissing value in household_year_all.
weight_source,household_information.WEIGHT / HBSIR external weight table,منبع وزن استاندارد HBSIR,برچسب منبع سالانه,1392;1393;1394;1395;1396;1397;1398;1399;1400;1401;1402;1403,کپی از منبع مستندشده در pipeline HBSIR,در هر سال از خود ستون استفاده شود؛ وزن‌های قبل/بعد 1396 منبع متفاوت دارند.; years_available lists years with at least one nonmissing value in household_year_all.
n_members_file,members_properties rows by exact ID,شمار ردیف‌های عضو در فایل HBSIR,عدد صحیح,1392;1393;1394;1395;1396;1397;1398;1399;1400;1401;1402;1403,تعداد رکوردهای عضو برای household ID؛ بدون حذف عضو,ممکن است با Household_Size استاندارد اختلاف داشته باشد؛ اصلاح خودکار نمی‌شود.; years_available lists years with at least one nonmissing value in household_year_all.
household_type,household_information.NOEKHN,نوع خانوار در طبقه‌بندی HBSIR,برچسب دسته‌ای HBSIR,1392;1393;1394;1395;1396;1397;1398;1399;1400;1401;1402;1403,کد به برچسب HBSIR تبدیل شده,تعریف کدها از metadata HBSIR است.; years_available lists years with at least one nonmissing value in household_year_all.
main_household_hbsir,household_information.TAKMIL,پرچم خانوار اصلی در HBSIR,Boolean استاندارد HBSIR,1392;1393;1394;1395;1396;1397;1398;1399;1400;1401;1402;1403,تبدیل کد survey به Boolean در HBSIR,از Takmil خام Access در تعریف All Sample جدا نگه داشته شده است.; years_available lists years with at least one nonmissing value in household_year_all.
alternative_household_hbsir,household_information.JAYGOZIN,پرچم خانوار جایگزین در HBSIR,Boolean استاندارد HBSIR,1392;1393;1394;1395;1396;1397;1398;1399;1400;1401;1402;1403,تبدیل کد survey به Boolean در HBSIR,از Jaygozin خام Access در تعریف All Sample جدا نگه داشته شده است.; years_available lists years with at least one nonmissing value in household_year_all.
head_member_rows,members_properties.Relationship=Head,تعداد ردیف‌های سرپرست خانوار در فایل اعضا,عدد صحیح,1392;1393;1394;1395;1396;1397;1398;1399;1400;1401;1402;1403,شمار دقیق ردیف‌هایی که Relationship برابر Head است,ویژگی‌های سرپرست تنها وقتی دقیقاً یک ردیف Head وجود دارد متصل می‌شود.; years_available lists years with at least one nonmissing value in household_year_all.
head_member_number,members_properties.DYCOL01 where Relationship=Head,شماره عضو سرپرست,شناسه عضو درون خانوار,1392;1393;1394;1395;1396;1397;1398;1399;1400;1401;1402;1403,از ردیف یکتای Head کپی شده,شناسهٔ فردی دائمی تلقی نمی‌شود.; years_available lists years with at least one nonmissing value in household_year_all.
head_relationship,members_properties.DYCOL03 where head row,برچسب رابطهٔ عضو سرپرست,برچسب HBSIR؛ معمولاً Head,1392;1393;1394;1395;1396;1397;1398;1399;1400;1401;1402;1403,ردیف سرپرست یکتا,برای کنترل اتصال حفظ شده است.; years_available lists years with at least one nonmissing value in household_year_all.
head_demographics_matched,members_properties.DYCOL03,وجود دقیقاً یک رکورد سرپرست برای خانوار,1=یک ردیف Head؛ 0=صفر/چند ردیف یا missing,1392;1393;1394;1395;1396;1397;1398;1399;1400;1401;1402;1403,پرچم کیفیت اتصال,عدم اتصال demographic باعث حذف household-year نشده است.; years_available lists years with at least one nonmissing value in household_year_all.
member_table_matched,members_properties.ID,وجود حداقل یک رکورد عضو با شناسهٔ خانوار,1=matched؛ 0=بدون رکورد عضو,1392;1393;1394;1395;1396;1397;1398;1399;1400;1401;1402;1403,تطبیق با شناسهٔ دقیق HBSIR ID,پرچم کیفیت اتصال؛ شرط ورود نمونه نیست.; years_available lists years with at least one nonmissing value in household_year_all.
completed_interview,Access: Takmil / Jaygozin,وجود مصاحبهٔ تکمیل‌شده برای خانوار مشاهده‌شده,1 اگر Takmil=1 یا Jaygozin=1؛ در غیر این صورت 0,1392;1393;1394;1395;1396;1397;1398;1399;1400;1401;1402;1403,فقط کد دقیق 1 تأیید مثبت است,شماره سؤال Takmil تا 1396 برابر Q19 و از 1397 برابر Q18؛ Jaygozin به‌ترتیب Q20 و Q19.; years_available lists years with at least one nonmissing value in household_year_all.
household_table_matched,household_information.ID,اتصال household به جدول استاندارد HBSIR,1=matched با Address دقیق؛ 0=unmatched,1392;1393;1394;1395;1396;1397;1398;1399;1400;1401;1402;1403,تطبیق exact string آدرس خام Access با ID HBSIR,هیچ تطبیق جغرافیایی/تقریبی اعمال نشده است.; years_available lists years with at least one nonmissing value in household_year_all.
food_matched,food.ID,وجود حداقل یک ردیف غذایی HBSIR,1=یک یا چند ردیف؛ 0=بدون ردیف غذا,1392;1393;1394;1395;1396;1397;1398;1399;1400;1401;1402;1403,تطبیق exact string Address با ID,در Panel B مقدار 0 به معنی دادهٔ مفقود است، نه مخارج صفر.; years_available lists years with at least one nonmissing value in household_year_all.
n_food_rows,food.ID rows,تعداد ردیف‌های غذایی خام خانوار-سال,عدد صحیح,1392;1393;1394;1395;1396;1397;1398;1399;1400;1401;1402;1403,شمار ردیف‌های source؛ قبل از تجمیع,یک قلم می‌تواند چند ردیف یا روش تهیه داشته باشد.; years_available lists years with at least one nonmissing value in household_year_all.
n_food_items_purchased,food.Commodity_Code + Provision_Method + Expenditure,تعداد کدهای کالایی با خرید/مخارج خرید مثبت,تعداد کد یکتا در household-year,1392;1393;1394;1395;1396;1397;1398;1399;1400;1401;1402;1403,روش‌های خرید ثبت‌شده جداگانه جمع می‌شوند؛ شمار کد با جمع خرید مثبت >0,غیرخریدها در این شمار وارد نمی‌شوند.; years_available lists years with at least one nonmissing value in household_year_all.
n_food_rows_uncoded,food.Commodity_Code,تعداد ردیف‌های غذا با کد کالا missing یا نامعتبر,عدد صحیح,1392;1393;1394;1395;1396;1397;1398;1399;1400;1401;1402;1403,شمار ردیف‌های بدون کد استاندارد پنج‌رقمی,این ردیف‌ها از total observed expenditure حذف نمی‌شوند.; years_available lists years with at least one nonmissing value in household_year_all.
food_exp_uncoded,food.Expenditure where Commodity_Code missing,مخارج ردیف‌های غذایی فاقد کد کالا,مبلغ HBSIR اسمی,no nonmissing values,جمع Expenditure ردیف‌های فاقد Commodity_Code,برای reconcile مخارج کل نگه داشته شده؛ گروه کالایی به آن تخصیص داده نشده است.; years_available lists years with at least one nonmissing value in household_year_all.
raw_table_name,Access: Raw_Table,نام دقیق جدول خانوار در Access,رشتهٔ نام جدول U/R,1392;1393;1394;1395;1396;1397;1398;1399;1400;1401;1402;1403,بدون تغییر حفظ شده,برای ممیزی طبقهٔ شهری/روستایی و provenance است.; years_available lists years with at least one nonmissing value in household_year_all.
