group,j,code,p_var,exp_var,commodity_name
1,1,11838,p_1_1,exp_1_1,شربت‌های غیرطبی و سرکه شیره
1,2,12211,p_1_2,exp_1_2,نوشابه
1,3,12213,p_1_3,exp_1_3,ماء الشعیر و دلستر
1,4,12214,p_1_4,exp_1_4,انواع آبمیوه و ساندیس، افشره یا آب سبزی
1,5,12216,p_1_5,exp_1_5,انواع شربت و کنسانتره برای تهیه‌ی نوشابه‌ها
2,1,11154,p_2_1,exp_2_1,کلوچه و پیراشکی
2,2,11171,p_2_2,exp_2_2,انواع بیسکویت و ویفر
2,3,11172,p_2_3,exp_2_3,انواع کیک ساده
2,4,11173,p_2_4,exp_2_4,انواع شیرینی تر و کیک
2,5,11174,p_2_5,exp_2_5,انواع شیرینی خشک
2,6,11175,p_2_6,exp_2_6,انواع پودر کیک و شیرینی
2,7,11423,p_2_7,exp_2_7,انواع بستنی شیری و میوه‌ای
2,8,11832,p_2_8,exp_2_8,مسقطی، ژله، باسلق، کرم کارامل، پاستیل، راحت الحلقوم و سمنو
2,9,11833,p_2_9,exp_2_9,انواع گز
2,10,11834,p_2_10,exp_2_10,انواع سوهان
2,11,11835,p_2_11,exp_2_11,باقلوا، زولبیا، بامیه، قطاب، رشته خوشکار و ...
2,12,11839,p_2_12,exp_2_12,انواع شکلات
2,13,11841,p_2_13,exp_2_13,آب‌نبات و پولکی، نبات، نقل، پشمک، شکر پنیر و سایر انواع شیرینی
2,14,11842,p_2_14,exp_2_14,آدامس
2,15,11843,p_2_15,exp_2_15,انواع کمپوت
2,16,11844,p_2_16,exp_2_16,آلاسکا و بستنی یخی (غیر شیری)، یخمک
2,17,11845,p_2_17,exp_2_17,فالوده
3,1,11811,p_3_1,exp_3_1,قند
3,2,11812,p_3_2,exp_3_2,شکر
3,3,11821,p_3_3,exp_3_3,انواع عسل (شهد و با موم)
3,4,11822,p_3_4,exp_3_4,شیره (انگور و خرما و ...)
3,5,11823,p_3_5,exp_3_5,مربا
3,6,11831,p_3_6,exp_3_6,حلوا شکری، حلوا ارده و ارده
4,1,12111,p_4_1,exp_4_1,چای داخلی
4,2,12112,p_4_2,exp_4_2,چای خارجی
4,3,12113,p_4_3,exp_4_3,چای مخلوط
4,4,12114,p_4_4,exp_4_4,قهوه، نسکافه، کاکائو و ترکیبات مشابه
4,5,12215,p_4_5,exp_4_5,آب معدنی، آب بطری و آب گالنی
5,1,11655,p_5_1,exp_5_1,جوزقند و لواشک
5,2,11665,p_5_2,exp_5_2,چیپس و پفک
5,3,11669,p_5_3,exp_5_3,آلوچه و آلبالو خشک
5,5,11651,p_5_5,exp_5_5,برگه (هلو و زردآلو)
5,6,11652,p_5_6,exp_5_6,کشمش و مویز
5,7,11653,p_5_7,exp_5_7,خرمای خشک
5,8,11654,p_5_8,exp_5_8,انواع آلو
5,9,11656,p_5_9,exp_5_9,گردو و مغز آن
5,10,11657,p_5_10,exp_5_10,فندق و مغز آن
5,11,11658,p_5_11,exp_5_11,پسته و مغز آن
5,12,11659,p_5_12,exp_5_12,بادام و مغز آن
5,13,11661,p_5_13,exp_5_13,انواع تخمه (کدو، هندوانه، آفتابگردان و ژاپنی)
5,14,11662,p_5_14,exp_5_14,انواع آجیل مخلوط
5,15,11663,p_5_15,exp_5_15,نخودچی و نخودچی کشمش
5,16,11664,p_5_16,exp_5_16,گندم، شاهدانه، برنج بوداده، کنجد، ذرت بوداده، سنجد و عناب
5,17,11666,p_5_17,exp_5_17,نارگیل (خشک) و قیسی
5,18,11667,p_5_18,exp_5_18,بادام هندی، مغز هسته زردآلو و سایر انواع خشکبار
5,19,11668,p_5_19,exp_5_19,انجیر خشک و توت خشک
5,20,11622,p_5_20,exp_5_20,خرمای تازه
5,21,11623,p_5_21,exp_5_21,پسته تازه
5,22,11624,p_5_22,exp_5_22,گردو تازه، فندق تازه و بادام تازه
6,1,11611,p_6_1,exp_6_1,سیب درختی
6,2,11612,p_6_2,exp_6_2,گلابی
6,3,11613,p_6_3,exp_6_3,زردآلو، آلو و گوجه سبز
6,4,11614,p_6_4,exp_6_4,هلو، شلیل و شفتالو
6,5,11615,p_6_5,exp_6_5,آلبالو و گیلاس
6,6,11616,p_6_6,exp_6_6,توت، شاه‌توت، توت فرنگی و تمشک
6,7,11617,p_6_7,exp_6_7,انگور
6,8,11618,p_6_8,exp_6_8,انجیر تازه، ازگیل، به، خرمالو، زالزالک و زغال اخته
6,9,11619,p_6_9,exp_6_9,انار
6,10,11621,p_6_10,exp_6_10,موز و نارگیل
6,11,11625,p_6_11,exp_6_11,آناناس، چغاله بادام و سایر میوه‌های درختی
6,12,11631,p_6_12,exp_6_12,پرتقال
6,13,11632,p_6_13,exp_6_13,نارنگی
6,14,11633,p_6_14,exp_6_14,لیمو شیرین
6,15,11634,p_6_15,exp_6_15,کیوی
6,16,11635,p_6_16,exp_6_16,لیموترش، گریپ‌فروت، بالنگ، نارنج، ترنج و سایر انواع مرکبات
6,17,11641,p_6_17,exp_6_17,خربزه
6,18,11642,p_6_18,exp_6_18,هندوانه
6,19,11643,p_6_19,exp_6_19,طالبی، گرمک، دستنبو و سایر میوه‌های جالیزی
