Year,households,household_rows,members_rows,food_rows,income_wage_rows,income_self_employed_rows,income_other_rows,housing_rows,food_unique_codes,Amount_valid_records,Price_valid_records,Expenditure_valid_records
1390,40010,40010,150540,1247888,25063,26002,20153,38513,223,1133418,1133418,1247888
1391,40007,40007,146063,1225167,24337,26789,20375,38192,223,1107457,1107457,1225167
1392,39864,39864,140359,1189323,23759,24493,18595,38331,223,1071939,1071939,1189323
1393,39856,39856,139033,1207280,23887,23498,20023,39856,223,1086619,1086618,1207280
1394,39857,39857,137616,1215711,23798,22404,21266,39857,223,1097900,1097903,1215711
1395,39864,39864,135552,1231814,23564,21822,21647,39864,223,1114320,1114321,1231814
1396,37962,37962,134389,1257681,23805,22290,25316,37962,223,1136624,1136624,1257681
1397,38960,38960,135830,1220929,24482,21988,35009,38960,223,1105764,1105764,1220929
1398,38328,38328,132541,1149157,23575,21651,37964,38328,223,1044647,1044647,1149157
1399,37557,37557,128955,1102050,23073,19323,47622,37557,223,1000425,1000425,1102050
1400,37988,37988,128914,1127133,23130,18570,49442,40968,223,1024337,1024337,1127133
1401,37951,37951,126478,1081382,22615,17313,53724,37951,223,984796,984796,1081382
1402,37883,37883,123857,1085545,22094,17568,47606,37883,222,987756,987756,1085545
1403,37505,37505,121118,1056480,21666,16911,47385,37505,222,960834,960835,1056480
