Year,lag,n_t,n_later,n_common,rate_t,rate_later
1390,1,40010,40007,27794,0.6946763309172707,0.6947284225260579
1390,2,40010,39864,0,0.0,0.0
1391,1,40007,39864,0,0.0,0.0
1391,2,40007,39856,0,0.0,0.0
1392,1,39864,39856,21851,0.5481386714830423,0.5482486953030912
1392,2,39864,39857,9539,0.23928858117599838,0.23933060691973806
1393,1,39856,39857,21673,0.5437826174227218,0.5437689740823444
1393,2,39856,39864,9087,0.22799578482537133,0.227950030102348
1394,1,39857,39864,21287,0.5340843515568157,0.5339905679309653
1394,2,39857,37962,9460,0.23734852096244072,0.24919656498603868
1395,1,39864,37962,20796,0.5216736905478627,0.5478109688636005
1395,2,39864,38960,0,0.0,0.0
1396,1,37962,38960,0,0.0,0.0
1396,2,37962,38328,0,0.0,0.0
1397,1,38960,38328,18114,0.4649383983572895,0.4726048841577959
1397,2,38960,37557,7761,0.19920431211498973,0.2066458982346833
1398,1,38328,37557,18647,0.486511166771029,0.49649865537716004
1398,2,38328,37988,7553,0.19706219995825505,0.1988259450352743
1399,1,37557,37988,18024,0.47991053598530237,0.4744656207223334
1399,2,37557,37951,6955,0.18518518518518517,0.1832626281257411
1400,1,37988,37951,18019,0.4743340002105928,0.4747964480514347
1400,2,37988,37883,7045,0.18545330104243446,0.18596732043396774
1401,1,37951,37883,18035,0.4752180443203078,0.47607106089802814
1401,2,37951,37505,7124,0.18771573871571237,0.189948006932409
1402,1,37883,37505,18214,0.48079613546973576,0.4856419144114118
